flight_key,flight_id,airline_key,route_key,date_key,departure_time,arrival_time,duration_minutes,is_overnight,is_anomaly,is_airline_missing
SJ010_2026-04-20_233841,SJ010,1,1,1,2026-04-20 23:38:41.701,2026-04-21 02:32:41.701,174.0,True,False,False
AI155_2026-04-20_233541,AI155,2,2,1,2026-04-20 23:35:41.703,2026-04-21 01:23:41.703,108.0,True,False,False
UK094_2026-04-20_232641,UK094,3,2,1,2026-04-20 23:26:41.702,2026-04-21 01:11:41.702,105.0,True,False,False
AI245_2026-04-20_230741,AI245,2,2,1,2026-04-20 23:07:41.704,2026-04-21 01:43:41.704,156.0,True,False,False
AI192_2026-04-20_230541,AI192,2,3,1,2026-04-20 23:05:41.703,2026-04-21 04:04:41.703,299.0,True,False,False
SJ158_2026-04-20_230541,SJ158,1,4,1,2026-04-20 23:05:41.703,2026-04-21 01:24:41.703,139.0,True,False,False
6F196_2026-04-20_230441,6F196,4,1,1,2026-04-20 23:04:41.703,2026-04-21 00:47:41.703,103.0,True,False,False
AI080_2026-04-20_230341,AI080,2,5,1,2026-04-20 23:03:41.702,2026-04-21 00:35:41.702,92.0,True,False,False
6F025_2026-04-20_230241,6F025,4,6,1,2026-04-20 23:02:41.701,2026-04-20 23:57:41.701,55.0,False,False,False
6F251_2026-04-20_225641,6F251,5,7,1,2026-04-20 22:56:41.703,2026-04-20 23:37:41.703,41.0,False,False,True
AI137_2026-04-20_224941,AI137,2,8,1,2026-04-20 22:49:41.702,2026-04-21 01:17:41.702,148.0,True,False,False
6F026_2026-04-20_224642,6F026,4,2,1,2026-04-20 22:46:42.000,2026-04-21 03:13:42.000,267.0,True,False,False
UK167_2026-04-20_224541,UK167,3,9,1,2026-04-20 22:45:41.703,2026-04-21 01:46:41.703,181.0,True,False,False
UK027_2026-04-20_224441,UK027,3,2,1,2026-04-20 22:44:41.701,2026-04-21 01:05:41.701,141.0,True,False,False
AI069_2026-04-20_224341,AI069,5,10,1,2026-04-20 22:43:41.702,2026-04-21 02:29:41.702,226.0,True,False,True
AI058_2026-04-20_224041,AI058,2,2,1,2026-04-20 22:40:41.701,2026-04-21 00:18:41.701,98.0,True,False,False
AI140_2026-04-20_222541,AI140,2,8,1,2026-04-20 22:25:41.702,2026-04-21 02:08:41.702,223.0,True,False,False
SJ239_2026-04-20_222441,SJ239,1,2,1,2026-04-20 22:24:41.704,2026-04-21 00:10:41.704,106.0,True,False,False
6F099_2026-04-20_222441,6F099,4,11,1,2026-04-20 22:24:41.702,2026-04-20 22:59:41.702,35.0,False,False,False
AI048_2026-04-20_222341,AI048,2,12,1,2026-04-20 22:23:41.701,2026-04-21 02:15:41.701,232.0,True,False,False
SJ112_2026-04-20_222041,SJ112,1,13,1,2026-04-20 22:20:41.702,2026-04-21 00:40:41.702,140.0,True,False,False
6F164_2026-04-20_221841,6F164,4,6,1,2026-04-20 22:18:41.703,2026-04-21 00:45:41.703,147.0,True,False,False
UK021_2026-04-20_220041,UK021,3,14,1,2026-04-20 22:00:41.701,2026-04-20 23:50:41.701,110.0,False,False,False
SJ172_2026-04-20_215841,SJ172,1,12,1,2026-04-20 21:58:41.703,2026-04-21 01:14:41.703,196.0,True,False,False
AI060_2026-04-20_215841,AI060,2,4,1,2026-04-20 21:58:41.701,2026-04-20 23:51:41.701,113.0,False,False,False
SJ205_2026-04-20_215641,SJ205,1,15,1,2026-04-20 21:56:41.703,2026-04-20 23:00:41.703,64.0,False,False,False
SJ093_2026-04-20_215541,SJ093,1,6,1,2026-04-20 21:55:41.702,2026-04-20 23:01:41.702,66.0,False,False,False
6F195_2026-04-20_214441,6F195,4,12,1,2026-04-20 21:44:41.703,2026-04-20 22:39:41.703,55.0,False,False,False
UK003_2026-04-20_214141,UK003,5,13,1,2026-04-20 21:41:41.700,2026-04-21 02:19:41.700,278.0,True,False,True
UK026_2026-04-20_213841,UK026,3,14,1,2026-04-20 21:38:41.701,2026-04-20 23:44:41.701,126.0,False,False,False
6F174_2026-04-20_213641,6F174,4,4,1,2026-04-20 21:36:41.703,2026-04-20 22:16:41.703,40.0,False,False,False
UK067_2026-04-20_213641,UK067,3,2,1,2026-04-20 21:36:41.701,2026-04-21 01:02:41.701,206.0,True,False,False
SJ149_2026-04-20_212041,SJ149,1,14,1,2026-04-20 21:20:41.702,2026-04-20 23:20:42.000,120.00496666666666,False,False,False
6F213_2026-04-20_210541,6F213,4,6,1,2026-04-20 21:05:41.703,2026-04-21 00:32:41.703,207.0,True,False,False
UK200_2026-04-20_205441,UK200,3,12,1,2026-04-20 20:54:41.703,2026-04-20 22:45:41.703,111.0,False,False,False
SJ214_2026-04-20_205441,SJ214,1,16,1,2026-04-20 20:54:41.703,2026-04-20 22:10:41.703,76.0,False,False,False
SJ047_2026-04-20_204441,SJ047,1,17,1,2026-04-20 20:44:41.701,2026-04-20 21:21:41.701,37.0,False,False,False
AI179_2026-04-20_204141,AI179,2,17,1,2026-04-20 20:41:41.703,2026-04-21 01:19:41.703,278.0,True,False,False
SJ153_2026-04-20_203741,SJ153,1,18,1,2026-04-20 20:37:41.702,2026-04-20 22:00:41.702,83.0,False,False,False
6F236_2026-04-20_203541,6F236,4,8,1,2026-04-20 20:35:41.704,2026-04-20 23:54:41.704,199.0,False,False,False
UK059_2026-04-20_203341,UK059,3,14,1,2026-04-20 20:33:41.701,2026-04-20 22:10:41.701,97.0,False,False,False
SJ001_2026-04-20_202841,SJ001,1,16,1,2026-04-20 20:28:41.700,2026-04-21 01:15:41.700,287.0,True,False,False
SJ049_2026-04-20_202641,SJ049,1,12,1,2026-04-20 20:26:41.701,2026-04-21 00:26:41.701,240.0,True,False,False
6F086_2026-04-20_202341,6F086,4,19,1,2026-04-20 20:23:41.702,2026-04-20 21:00:41.702,37.0,False,False,False
AI220_2026-04-20_201941,AI220,2,8,1,2026-04-20 20:19:41.703,2026-04-20 21:57:41.703,98.0,False,False,False
AI188_2026-04-20_201641,AI188,2,20,1,2026-04-20 20:16:41.703,2026-04-20 23:02:41.703,166.0,False,False,False
6F114_2026-04-20_201041,6F114,4,16,1,2026-04-20 20:10:41.702,2026-04-20 21:00:41.702,50.0,False,False,False
SJ179_2026-04-20_200941,SJ179,1,4,1,2026-04-20 20:09:41.703,2026-04-20 23:39:41.703,210.0,False,False,False
6F190_2026-04-20_200241,6F190,4,9,1,2026-04-20 20:02:41.703,2026-04-21 00:36:41.703,274.0,True,False,False
SJ003_2026-04-20_195041,SJ003,1,21,1,2026-04-20 19:50:41.701,2026-04-20 20:32:41.701,42.0,False,False,False
6F028_2026-04-20_194941,6F028,4,15,1,2026-04-20 19:49:41.701,2026-04-20 21:49:41.701,120.0,False,False,False
UK036_2026-04-20_194841,UK036,3,22,1,2026-04-20 19:48:41.701,2026-04-21 00:12:41.701,264.0,True,False,False
SJ160_2026-04-20_194541,SJ160,1,23,1,2026-04-20 19:45:41.703,2026-04-20 20:30:41.703,45.0,False,False,False
6F151_2026-04-20_194441,6F151,4,20,1,2026-04-20 19:44:41.703,2026-04-20 22:04:41.703,140.0,False,False,False
UK140_2026-04-20_193741,UK140,3,23,1,2026-04-20 19:37:41.703,2026-04-20 21:00:41.703,83.0,False,False,False
AI115_2026-04-20_193741,AI115,2,23,1,2026-04-20 19:37:41.702,2026-04-21 00:26:41.702,289.0,True,False,False
AI132_2026-04-20_193241,AI132,2,6,1,2026-04-20 19:32:41.702,2026-04-20 21:41:41.702,129.0,False,False,False
UK209_2026-04-20_190241,UK209,5,23,1,2026-04-20 19:02:41.704,2026-04-20 21:47:41.704,165.0,False,False,True
SJ043_2026-04-20_185941,SJ043,5,11,1,2026-04-20 18:59:41.701,2026-04-20 21:08:41.701,129.0,False,False,True
UK176_2026-04-20_184141,UK176,3,24,1,2026-04-20 18:41:41.703,2026-04-20 22:49:41.703,248.0,False,False,False
UK216_2026-04-20_183341,UK216,3,19,1,2026-04-20 18:33:41.704,2026-04-20 21:47:41.704,194.0,False,False,False
UK150_2026-04-20_183141,UK150,3,18,1,2026-04-20 18:31:41.703,2026-04-20 19:01:41.703,30.0,False,False,False
UK145_2026-04-20_183041,UK145,3,5,1,2026-04-20 18:30:41.703,2026-04-20 20:41:41.703,131.0,False,False,False
6F270_2026-04-20_181441,6F270,5,14,1,2026-04-20 18:14:41.701,2026-04-20 19:02:41.701,48.0,False,False,True
6F012_2026-04-20_180641,6F012,4,20,1,2026-04-20 18:06:41.701,2026-04-20 21:31:41.701,205.0,False,False,False
SJ236_2026-04-20_180341,SJ236,1,3,1,2026-04-20 18:03:41.704,2026-04-20 22:02:41.704,239.0,False,False,False
6F149_2026-04-20_175741,6F149,4,25,1,2026-04-20 17:57:41.703,2026-04-20 20:42:41.703,165.0,False,False,False
UK004_2026-04-20_175641,UK004,3,2,1,2026-04-20 17:56:41.700,2026-04-20 18:30:41.700,34.0,False,False,False
UK010_2026-04-20_175341,UK010,3,19,1,2026-04-20 17:53:41.701,2026-04-20 20:40:41.701,167.0,False,False,False
UK215_2026-04-20_173841,UK215,3,8,1,2026-04-20 17:38:41.704,2026-04-20 19:50:41.704,132.0,False,False,False
SJ116_2026-04-20_173341,SJ116,1,15,1,2026-04-20 17:33:41.702,2026-04-20 19:02:41.702,89.0,False,False,False
SJ023_2026-04-20_172741,SJ023,1,14,1,2026-04-20 17:27:41.701,2026-04-20 19:09:41.701,102.0,False,False,False
UK152_2026-04-20_172441,UK152,3,2,1,2026-04-20 17:24:41.703,2026-04-20 20:13:41.703,169.0,False,False,False
SJ202_2026-04-20_172141,SJ202,1,20,1,2026-04-20 17:21:41.703,2026-04-20 19:08:41.703,107.0,False,False,False
6F043_2026-04-20_171741,6F043,4,5,1,2026-04-20 17:17:41.701,2026-04-20 18:43:41.701,86.0,False,False,False
UK173_2026-04-20_170641,UK173,3,23,1,2026-04-20 17:06:41.703,2026-04-20 21:22:41.703,256.0,False,False,False
SJ081_2026-04-20_170441,SJ081,1,26,1,2026-04-20 17:04:41.702,2026-04-20 18:53:41.702,109.0,False,False,False
UK153_2026-04-20_165241,UK153,3,20,1,2026-04-20 16:52:41.703,2026-04-20 20:53:41.703,241.0,False,False,False
UK187_2026-04-20_165241,UK187,3,6,1,2026-04-20 16:52:41.703,2026-04-20 18:42:41.703,110.0,False,False,False
UK055_2026-04-20_164841,UK055,3,13,1,2026-04-20 16:48:41.701,2026-04-20 19:31:41.701,163.0,False,False,False
UK181_2026-04-20_164441,UK181,3,11,1,2026-04-20 16:44:41.703,2026-04-20 19:26:41.703,162.0,False,False,False
UK074_2026-04-20_164441,UK074,3,8,1,2026-04-20 16:44:41.702,2026-04-20 18:41:41.702,117.0,False,False,False
SJ068_2026-04-20_164441,SJ068,1,6,1,2026-04-20 16:44:41.701,2026-04-20 18:48:41.701,124.0,False,False,False
AI242_2026-04-20_164141,AI242,5,25,1,2026-04-20 16:41:41.704,2026-04-20 17:43:41.704,62.0,False,False,True
SJ237_2026-04-20_163241,SJ237,1,2,1,2026-04-20 16:32:41.704,2026-04-20 19:00:41.704,148.0,False,False,False
6F194_2026-04-20_162941,6F194,4,2,1,2026-04-20 16:29:41.703,2026-04-20 18:27:41.703,118.0,False,False,False
UK063_2026-04-20_162941,UK063,3,10,1,2026-04-20 16:29:41.701,2026-04-20 17:41:41.701,72.0,False,False,False
UK068_2026-04-20_162841,UK068,3,27,1,2026-04-20 16:28:41.701,2026-04-20 18:09:41.701,101.0,False,False,False
UK224_2026-04-20_162541,UK224,5,1,1,2026-04-20 16:25:41.704,2026-04-20 20:24:41.704,239.0,False,False,True
UK077_2026-04-20_162241,UK077,5,17,1,2026-04-20 16:22:41.702,2026-04-20 18:00:41.702,98.0,False,False,True
UK207_2026-04-20_162141,UK207,3,21,1,2026-04-20 16:21:41.703,2026-04-20 17:36:41.703,75.0,False,False,False
AI221_2026-04-20_161841,AI221,2,19,1,2026-04-20 16:18:41.703,2026-04-20 18:54:41.703,156.0,False,False,False
UK109_2026-04-20_160641,UK109,3,6,1,2026-04-20 16:06:41.702,2026-04-20 17:06:42.000,60.00496666666666,False,False,False
UK089_2026-04-20_153841,UK089,3,5,1,2026-04-20 15:38:41.702,2026-04-20 19:50:41.702,252.0,False,False,False
AI072_2026-04-20_153441,AI072,2,25,1,2026-04-20 15:34:41.702,2026-04-20 16:32:41.702,58.0,False,False,False
UK131_2026-04-20_153341,UK131,3,8,1,2026-04-20 15:33:41.702,2026-04-20 19:39:41.702,246.0,False,False,False
SJ150_2026-04-20_153341,SJ150,1,5,1,2026-04-20 15:33:41.702,2026-04-20 19:03:41.702,210.0,False,False,False
6F097_2026-04-20_153241,6F097,4,6,1,2026-04-20 15:32:41.702,2026-04-20 16:49:41.702,77.0,False,False,False
6F123_2026-04-20_152641,6F123,4,4,1,2026-04-20 15:26:41.702,2026-04-20 17:12:41.702,106.0,False,False,False
6F017_2026-04-20_152541,6F017,4,28,1,2026-04-20 15:25:41.701,2026-04-20 18:06:41.701,161.0,False,False,False
6F245_2026-04-20_152541,6F245,4,28,1,2026-04-20 15:25:41.701,2026-04-20 18:06:41.701,161.0,False,False,False
6F180_2026-04-20_152441,6F180,4,23,1,2026-04-20 15:24:41.703,2026-04-20 19:48:41.703,264.0,False,False,False
6F152_2026-04-20_152141,6F152,4,12,1,2026-04-20 15:21:41.703,2026-04-20 17:25:41.703,124.0,False,False,False
SJ034_2026-04-20_152041,SJ034,1,3,1,2026-04-20 15:20:41.701,2026-04-20 20:11:41.701,291.0,False,False,False
SJ142_2026-04-20_151441,SJ142,1,28,1,2026-04-20 15:14:41.702,2026-04-20 16:56:41.702,102.0,False,False,False
UK189_2026-04-20_150741,UK189,3,27,1,2026-04-20 15:07:41.703,2026-04-20 18:51:41.703,224.0,False,False,False
SJ044_2026-04-20_150641,SJ044,1,18,1,2026-04-20 15:06:41.701,2026-04-20 17:43:41.701,157.0,False,False,False
SJ196_2026-04-20_145841,SJ196,1,4,1,2026-04-20 14:58:41.703,2026-04-20 17:44:41.703,166.0,False,False,False
6F188_2026-04-20_145741,6F188,4,4,1,2026-04-20 14:57:41.703,2026-04-20 19:39:41.703,282.0,False,False,False
6F181_2026-04-20_145541,6F181,4,16,1,2026-04-20 14:55:41.703,2026-04-20 16:43:41.703,108.0,False,False,False
6F077_2026-04-20_145541,6F077,4,12,1,2026-04-20 14:55:41.702,2026-04-20 19:13:41.702,258.0,False,False,False
SJ154_2026-04-20_144741,SJ154,1,29,1,2026-04-20 14:47:41.702,2026-04-20 16:26:41.702,99.0,False,False,False
AI025_2026-04-20_144641,AI025,2,13,1,2026-04-20 14:46:41.701,2026-04-20 17:11:41.701,145.0,False,False,False
AI094_2026-04-20_144441,AI094,2,7,1,2026-04-20 14:44:41.702,2026-04-20 15:44:42.000,60.00496666666666,False,False,False
6F191_2026-04-20_144141,6F191,4,30,1,2026-04-20 14:41:41.703,2026-04-20 15:11:41.703,30.0,False,False,False
SJ085_2026-04-20_144141,SJ085,1,27,1,2026-04-20 14:41:41.702,2026-04-20 19:11:41.702,270.0,False,False,False
6F261_2026-04-20_143141,6F261,5,12,1,2026-04-20 14:31:41.703,2026-04-20 17:29:41.703,178.0,False,False,True
6F129_2026-04-20_142841,6F129,4,18,1,2026-04-20 14:28:41.702,2026-04-20 16:47:41.702,139.0,False,False,False
6F254_2026-04-20_142641,6F254,5,23,1,2026-04-20 14:26:41.703,2026-04-20 18:01:41.703,215.0,False,False,True
SJ185_2026-04-20_142141,SJ185,1,2,1,2026-04-20 14:21:41.703,2026-04-20 15:21:41.703,60.0,False,False,False
6F030_2026-04-20_142041,6F030,4,8,1,2026-04-20 14:20:41.701,2026-04-20 17:10:41.701,170.0,False,False,False
SJ222_2026-04-20_141541,SJ222,1,8,1,2026-04-20 14:15:41.703,2026-04-20 17:09:41.703,174.0,False,False,False
6F259_2026-04-20_141041,6F259,5,8,1,2026-04-20 14:10:41.703,2026-04-20 15:21:41.703,71.0,False,False,True
UK083_2026-04-20_141041,UK083,3,4,1,2026-04-20 14:10:41.702,2026-04-20 14:59:41.702,49.0,False,False,False
6F051_2026-04-20_135841,6F051,4,6,1,2026-04-20 13:58:41.701,2026-04-20 15:58:41.701,120.0,False,False,False
SJ088_2026-04-20_135441,SJ088,1,1,1,2026-04-20 13:54:41.702,2026-04-20 14:26:41.702,32.0,False,False,False
6F146_2026-04-20_135141,6F146,4,14,1,2026-04-20 13:51:41.703,2026-04-20 15:07:41.703,76.0,False,False,False
6F047_2026-04-20_135041,6F047,4,11,1,2026-04-20 13:50:41.701,2026-04-20 15:55:41.701,125.0,False,False,False
AI077_2026-04-20_134541,AI077,2,20,1,2026-04-20 13:45:41.702,2026-04-20 14:51:41.702,66.0,False,False,False
UK134_2026-04-20_134441,UK134,3,15,1,2026-04-20 13:44:41.702,2026-04-20 17:26:41.702,222.0,False,False,False
AI056_2026-04-20_134441,AI056,2,9,1,2026-04-20 13:44:41.701,2026-04-20 17:39:41.701,235.0,False,False,False
UK141_2026-04-20_133841,UK141,5,14,1,2026-04-20 13:38:41.703,2026-04-20 15:59:41.703,141.0,False,False,True
AI030_2026-04-20_133341,AI030,2,20,1,2026-04-20 13:33:41.701,2026-04-20 16:52:41.701,199.0,False,False,False
AI029_2026-04-20_132941,AI029,2,11,1,2026-04-20 13:29:41.701,2026-04-20 17:53:41.701,264.0,False,False,False
SJ167_2026-04-20_131841,SJ167,1,21,1,2026-04-20 13:18:41.703,2026-04-20 14:12:41.703,54.0,False,False,False
UK017_2026-04-20_131441,UK017,3,29,1,2026-04-20 13:14:41.701,2026-04-20 14:49:41.701,95.0,False,False,False
6F229_2026-04-20_131041,6F229,4,11,1,2026-04-20 13:10:41.704,2026-04-20 14:30:41.704,80.0,False,False,False
SJ117_2026-04-20_131041,SJ117,1,23,1,2026-04-20 13:10:41.702,2026-04-20 17:06:41.702,236.0,False,False,False
6F184_2026-04-20_130541,6F184,4,3,1,2026-04-20 13:05:41.703,2026-04-20 16:04:41.703,179.0,False,False,False
AI031_2026-04-20_130541,AI031,2,9,1,2026-04-20 13:05:41.701,2026-04-20 16:11:41.701,186.0,False,False,False
AI178_2026-04-20_130441,AI178,2,22,1,2026-04-20 13:04:41.703,2026-04-20 14:03:41.703,59.0,False,False,False
SJ089_2026-04-20_124241,SJ089,1,15,1,2026-04-20 12:42:41.702,2026-04-20 17:15:41.702,273.0,False,False,False
UK166_2026-04-20_123941,UK166,3,14,1,2026-04-20 12:39:41.703,2026-04-20 17:32:41.703,293.0,False,False,False
UK104_2026-04-20_123041,UK104,3,10,1,2026-04-20 12:30:41.702,2026-04-20 13:52:41.702,82.0,False,False,False
6F168_2026-04-20_121841,6F168,4,13,1,2026-04-20 12:18:41.703,2026-04-20 15:58:41.703,220.0,False,False,False
AI222_2026-04-20_121041,AI222,5,8,1,2026-04-20 12:10:41.703,2026-04-20 13:14:41.703,64.0,False,False,True
SJ025_2026-04-20_120241,SJ025,1,2,1,2026-04-20 12:02:41.701,2026-04-20 15:29:41.701,207.0,False,False,False
6F255_2026-04-20_115941,6F255,5,10,1,2026-04-20 11:59:41.703,2026-04-20 15:33:41.703,214.0,False,False,True
UK228_2026-04-20_115841,UK228,3,9,1,2026-04-20 11:58:41.704,2026-04-20 15:08:41.704,190.0,False,False,False
6F158_2026-04-20_115841,6F158,4,1,1,2026-04-20 11:58:41.703,2026-04-20 16:04:41.703,246.0,False,False,False
SJ218_2026-04-20_115841,SJ218,1,4,1,2026-04-20 11:58:41.703,2026-04-20 15:03:41.703,185.0,False,False,False
6F034_2026-04-20_115341,6F034,4,8,1,2026-04-20 11:53:41.701,2026-04-20 12:49:41.701,56.0,False,False,False
UK156_2026-04-20_115041,UK156,3,23,1,2026-04-20 11:50:41.703,2026-04-20 15:54:41.703,244.0,False,False,False
6F105_2026-04-20_114641,6F105,4,6,1,2026-04-20 11:46:41.702,2026-04-20 12:58:41.702,72.0,False,False,False
6F073_2026-04-20_113841,6F073,4,18,1,2026-04-20 11:38:41.702,2026-04-20 15:18:41.702,220.0,False,False,False
SJ074_2026-04-20_112141,SJ074,1,18,1,2026-04-20 11:21:41.701,2026-04-20 12:02:41.701,41.0,False,False,False
6F234_2026-04-20_112041,6F234,4,8,1,2026-04-20 11:20:41.704,2026-04-20 14:11:41.704,171.0,False,False,False
6F068_2026-04-20_111741,6F068,4,29,1,2026-04-20 11:17:41.701,2026-04-20 15:06:41.701,229.0,False,False,False
6F074_2026-04-20_110941,6F074,4,17,1,2026-04-20 11:09:41.702,2026-04-20 14:29:41.702,200.0,False,False,False
AI038_2026-04-20_110541,AI038,2,14,1,2026-04-20 11:05:41.701,2026-04-20 15:44:41.701,279.0,False,False,False
AI079_2026-04-20_110441,AI079,2,22,1,2026-04-20 11:04:41.702,2026-04-20 13:19:41.702,135.0,False,False,False
SJ018_2026-04-20_105841,SJ018,1,2,1,2026-04-20 10:58:41.701,2026-04-20 13:31:41.701,153.0,False,False,False
6F018_2026-04-20_105741,6F018,4,7,1,2026-04-20 10:57:41.701,2026-04-20 11:43:41.701,46.0,False,False,False
AI091_2026-04-20_105241,AI091,2,1,1,2026-04-20 10:52:41.702,2026-04-20 15:15:41.702,263.0,False,False,False
UK071_2026-04-20_105041,UK071,3,4,1,2026-04-20 10:50:41.701,2026-04-20 14:06:41.701,196.0,False,False,False
AI019_2026-04-20_104941,AI019,2,2,1,2026-04-20 10:49:41.701,2026-04-20 11:51:41.701,62.0,False,False,False
UK212_2026-04-20_104641,UK212,3,14,1,2026-04-20 10:46:41.704,2026-04-20 11:31:41.704,45.0,False,False,False
AI146_2026-04-20_104041,AI146,2,30,1,2026-04-20 10:40:41.702,2026-04-20 13:46:41.702,186.0,False,False,False
6F232_2026-04-20_103941,6F232,4,23,1,2026-04-20 10:39:41.704,2026-04-20 12:22:41.704,103.0,False,False,False
6F084_2026-04-20_103441,6F084,4,20,1,2026-04-20 10:34:41.702,2026-04-20 11:34:42.000,60.00496666666666,False,False,False
AI129_2026-04-20_102941,AI129,2,2,1,2026-04-20 10:29:41.702,2026-04-20 13:38:41.702,189.0,False,False,False
AI240_2026-04-20_101941,AI240,2,11,1,2026-04-20 10:19:41.704,2026-04-20 12:46:41.704,147.0,False,False,False
6F091_2026-04-20_101041,6F091,4,25,1,2026-04-20 10:10:41.702,2026-04-20 11:36:41.702,86.0,False,False,False
UK133_2026-04-20_100441,UK133,3,8,1,2026-04-20 10:04:41.702,2026-04-20 13:16:41.702,192.0,False,False,False
SJ007_2026-04-20_100341,SJ007,1,2,1,2026-04-20 10:03:41.701,2026-04-20 14:53:41.701,290.0,False,False,False
SJ141_2026-04-20_100041,SJ141,1,12,1,2026-04-20 10:00:41.702,2026-04-20 13:37:41.702,217.0,False,False,False
6F049_2026-04-20_100041,6F049,4,13,1,2026-04-20 10:00:41.701,2026-04-20 13:13:41.701,193.0,False,False,False
SJ235_2026-04-20_095741,SJ235,1,8,1,2026-04-20 09:57:41.704,2026-04-20 13:45:41.704,228.0,False,False,False
UK087_2026-04-20_094941,UK087,3,14,1,2026-04-20 09:49:41.702,2026-04-20 13:17:41.702,208.0,False,False,False
UK170_2026-04-20_094241,UK170,3,26,1,2026-04-20 09:42:41.703,2026-04-20 11:32:41.703,110.0,False,False,False
SJ078_2026-04-20_094141,SJ078,1,4,1,2026-04-20 09:41:41.701,2026-04-20 12:49:41.701,188.0,False,False,False
SJ075_2026-04-20_092641,SJ075,1,23,1,2026-04-20 09:26:41.701,2026-04-20 11:03:41.701,97.0,False,False,False
AI159_2026-04-20_092341,AI159,2,24,1,2026-04-20 09:23:41.703,2026-04-20 11:36:41.703,133.0,False,False,False
UK120_2026-04-20_091941,UK120,3,13,1,2026-04-20 09:19:41.702,2026-04-20 13:30:41.702,251.0,False,False,False
AI059_2026-04-20_091641,AI059,2,12,1,2026-04-20 09:16:41.701,2026-04-20 11:43:41.701,147.0,False,False,False
UK040_2026-04-20_091541,UK040,3,15,1,2026-04-20 09:15:41.701,2026-04-20 10:32:41.701,77.0,False,False,False
AI044_2026-04-20_090341,AI044,5,23,1,2026-04-20 09:03:41.701,2026-04-20 12:36:41.701,213.0,False,False,True
AI078_2026-04-20_085841,AI078,2,10,1,2026-04-20 08:58:41.702,2026-04-20 13:28:41.702,270.0,False,False,False
SJ226_2026-04-20_084741,SJ226,1,17,1,2026-04-20 08:47:41.704,2026-04-20 12:54:41.704,247.0,False,False,False
6F209_2026-04-20_084041,6F209,4,21,1,2026-04-20 08:40:41.703,2026-04-20 13:40:41.703,300.0,False,False,False
UK193_2026-04-20_083941,UK193,3,13,1,2026-04-20 08:39:41.703,2026-04-20 09:14:41.703,35.0,False,False,False
6F092_2026-04-20_083941,6F092,4,23,1,2026-04-20 08:39:41.702,2026-04-20 09:15:41.702,36.0,False,False,False
AI208_2026-04-20_083841,AI208,2,6,1,2026-04-20 08:38:41.703,2026-04-20 11:52:41.703,194.0,False,False,False
SJ227_2026-04-20_083241,SJ227,1,2,1,2026-04-20 08:32:41.704,2026-04-20 12:53:41.704,261.0,False,False,False
6F238_2026-04-20_083141,6F238,4,8,1,2026-04-20 08:31:41.704,2026-04-20 09:19:41.704,48.0,False,False,False
AI084_2026-04-20_083141,AI084,2,5,1,2026-04-20 08:31:41.702,2026-04-20 09:46:41.702,75.0,False,False,False
SJ228_2026-04-20_082941,SJ228,1,2,1,2026-04-20 08:29:41.704,2026-04-20 12:16:41.704,227.0,False,False,False
UK194_2026-04-20_082641,UK194,3,28,1,2026-04-20 08:26:41.703,2026-04-20 09:26:42.000,60.00495,False,False,False
6F126_2026-04-20_082141,6F126,4,1,1,2026-04-20 08:21:41.702,2026-04-20 09:39:41.702,78.0,False,False,False
SJ052_2026-04-20_082041,SJ052,1,23,1,2026-04-20 08:20:41.701,2026-04-20 09:57:41.701,97.0,False,False,False
AI233_2026-04-20_080441,AI233,2,6,1,2026-04-20 08:04:41.704,2026-04-20 09:52:41.704,108.0,False,False,False
AI213_2026-04-20_080341,AI213,2,15,1,2026-04-20 08:03:41.703,2026-04-20 09:14:41.703,71.0,False,False,False
UK076_2026-04-20_080341,UK076,3,21,1,2026-04-20 08:03:41.702,2026-04-20 12:26:41.702,263.0,False,False,False
SJ022_2026-04-20_075641,SJ022,1,7,1,2026-04-20 07:56:41.701,2026-04-20 11:07:41.701,191.0,False,False,False
SJ002_2026-04-20_075441,SJ002,1,10,1,2026-04-20 07:54:41.701,2026-04-20 12:40:41.701,286.0,False,False,False
AI163_2026-04-20_074541,AI163,2,14,1,2026-04-20 07:45:41.703,2026-04-20 08:46:41.703,61.0,False,False,False
UK229_2026-04-20_074041,UK229,5,13,1,2026-04-20 07:40:41.704,2026-04-20 11:57:41.704,257.0,False,False,True
UK185_2026-04-20_073141,UK185,3,9,1,2026-04-20 07:31:41.703,2026-04-20 08:48:41.703,77.0,False,False,False
6F029_2026-04-20_073141,6F029,4,26,1,2026-04-20 07:31:41.701,2026-04-20 11:45:41.701,254.0,False,False,False
6F056_2026-04-20_070041,6F056,4,16,1,2026-04-20 07:00:41.701,2026-04-20 08:49:41.701,109.0,False,False,False
AI062_2026-04-20_064941,AI062,2,11,1,2026-04-20 06:49:41.701,2026-04-20 07:25:41.701,36.0,False,False,False
UK034_2026-04-20_064741,UK034,3,7,1,2026-04-20 06:47:41.701,2026-04-20 10:11:41.701,204.0,False,False,False
UK079_2026-04-20_064341,UK079,3,7,1,2026-04-20 06:43:41.702,2026-04-20 10:34:41.702,231.0,False,False,False
AI135_2026-04-20_064041,AI135,2,6,1,2026-04-20 06:40:41.702,2026-04-20 09:21:41.702,161.0,False,False,False
SJ061_2026-04-20_063841,SJ061,1,23,1,2026-04-20 06:38:41.701,2026-04-20 09:35:41.701,177.0,False,False,False
AI047_2026-04-20_063641,AI047,5,1,1,2026-04-20 06:36:41.701,2026-04-20 07:23:41.701,47.0,False,False,True
UK210_2026-04-20_063541,UK210,3,18,1,2026-04-20 06:35:41.704,2026-04-20 07:30:41.704,55.0,False,False,False
AI088_2026-04-20_063441,AI088,5,11,1,2026-04-20 06:34:41.702,2026-04-20 10:10:41.702,216.0,False,False,True
UK177_2026-04-20_062141,UK177,3,4,1,2026-04-20 06:21:41.703,2026-04-20 10:50:41.703,269.0,False,False,False
AI128_2026-04-20_060741,AI128,5,2,1,2026-04-20 06:07:41.702,2026-04-20 10:03:41.702,236.0,False,False,True
AI158_2026-04-20_060441,AI158,2,12,1,2026-04-20 06:04:41.703,2026-04-20 09:01:41.703,177.0,False,False,False
UK206_2026-04-20_060141,UK206,3,23,1,2026-04-20 06:01:41.703,2026-04-20 10:34:41.703,273.0,False,False,False
SJ138_2026-04-20_055541,SJ138,5,6,1,2026-04-20 05:55:41.702,2026-04-20 06:43:41.702,48.0,False,False,True
AI034_2026-04-20_054841,AI034,2,10,1,2026-04-20 05:48:41.701,2026-04-20 10:31:41.701,283.0,False,False,False
AI012_2026-04-20_054441,AI012,2,2,1,2026-04-20 05:44:41.701,2026-04-20 09:47:41.701,243.0,False,False,False
6F083_2026-04-20_052441,6F083,4,30,1,2026-04-20 05:24:41.702,2026-04-20 06:03:41.702,39.0,False,False,False
SJ083_2026-04-20_051341,SJ083,1,23,1,2026-04-20 05:13:41.702,2026-04-20 08:17:41.702,184.0,False,False,False
SJ186_2026-04-20_051141,SJ186,1,12,1,2026-04-20 05:11:41.703,2026-04-20 07:22:41.703,131.0,False,False,False
UK001_2026-04-20_050641,UK001,3,12,1,2026-04-20 05:06:41.700,2026-04-20 06:31:41.700,85.0,False,False,False
AI217_2026-04-20_045741,AI217,2,22,1,2026-04-20 04:57:41.703,2026-04-20 07:14:41.703,137.0,False,False,False
6F178_2026-04-20_044841,6F178,4,2,1,2026-04-20 04:48:41.703,2026-04-20 09:11:41.703,263.0,False,False,False
UK015_2026-04-20_044641,UK015,3,6,1,2026-04-20 04:46:41.701,2026-04-20 06:33:41.701,107.0,False,False,False
AI112_2026-04-20_044141,AI112,2,7,1,2026-04-20 04:41:41.702,2026-04-20 08:24:41.702,223.0,False,False,False
UK100_2026-04-20_044041,UK100,3,22,1,2026-04-20 04:40:41.702,2026-04-20 07:12:41.702,152.0,False,False,False
6F133_2026-04-20_043841,6F133,4,23,1,2026-04-20 04:38:41.702,2026-04-20 06:25:41.702,107.0,False,False,False
AI227_2026-04-20_043141,AI227,2,27,1,2026-04-20 04:31:41.703,2026-04-20 08:17:41.703,226.0,False,False,False
UK093_2026-04-20_043141,UK093,3,15,1,2026-04-20 04:31:41.702,2026-04-20 05:21:41.702,50.0,False,False,False
UK203_2026-04-20_041241,UK203,3,29,1,2026-04-20 04:12:41.703,2026-04-20 05:24:41.703,72.0,False,False,False
UK154_2026-04-20_040041,UK154,3,19,1,2026-04-20 04:00:41.703,2026-04-20 07:57:41.703,237.0,False,False,False
UK073_2026-04-20_035941,UK073,3,25,1,2026-04-20 03:59:41.702,2026-04-20 08:09:41.702,250.0,False,False,False
AI164_2026-04-20_035741,AI164,2,7,1,2026-04-20 03:57:41.703,2026-04-20 05:45:41.703,108.0,False,False,False
UK008_2026-04-20_035741,UK008,3,22,1,2026-04-20 03:57:41.701,2026-04-20 04:34:41.701,37.0,False,False,False
UK051_2026-04-20_035541,UK051,3,13,1,2026-04-20 03:55:41.701,2026-04-20 06:55:41.701,180.0,False,False,False
UK208_2026-04-20_035441,UK208,3,18,1,2026-04-20 03:54:41.704,2026-04-20 08:51:41.704,297.0,False,False,False
AI150_2026-04-20_035141,AI150,2,8,1,2026-04-20 03:51:41.703,2026-04-20 04:38:41.703,47.0,False,False,False
AI189_2026-04-20_034441,AI189,2,12,1,2026-04-20 03:44:41.703,2026-04-20 05:32:41.703,108.0,False,False,False
6F230_2026-04-20_033441,6F230,4,22,1,2026-04-20 03:34:41.704,2026-04-20 06:47:41.704,193.0,False,False,False
6F169_2026-04-20_032741,6F169,4,8,1,2026-04-20 03:27:41.703,2026-04-20 08:06:41.703,279.0,False,False,False
AI205_2026-04-20_032641,AI205,2,6,1,2026-04-20 03:26:41.703,2026-04-20 05:14:41.703,108.0,False,False,False
AI103_2026-04-20_032641,AI103,2,6,1,2026-04-20 03:26:41.702,2026-04-20 04:04:41.702,38.0,False,False,False
6F250_2026-04-20_032641,6F250,5,7,1,2026-04-20 03:26:41.701,2026-04-20 07:30:41.701,244.0,False,False,True
AI246_2026-04-20_032241,AI246,2,26,1,2026-04-20 03:22:41.704,2026-04-20 06:41:41.704,199.0,False,False,False
6F187_2026-04-20_031941,6F187,4,16,1,2026-04-20 03:19:41.703,2026-04-20 07:37:41.703,258.0,False,False,False
AI082_2026-04-20_031941,AI082,2,18,1,2026-04-20 03:19:41.702,2026-04-20 06:01:41.702,162.0,False,False,False
UK116_2026-04-20_031841,UK116,3,28,1,2026-04-20 03:18:41.702,2026-04-20 07:06:41.702,228.0,False,False,False
SJ169_2026-04-20_031041,SJ169,1,16,1,2026-04-20 03:10:41.703,2026-04-20 07:56:41.703,286.0,False,False,False
AI175_2026-04-20_030841,AI175,2,5,1,2026-04-20 03:08:41.703,2026-04-20 06:55:41.703,227.0,False,False,False
SJ098_2026-04-20_030241,SJ098,1,14,1,2026-04-20 03:02:41.702,2026-04-20 03:37:41.702,35.0,False,False,False
SJ191_2026-04-20_030141,SJ191,1,6,1,2026-04-20 03:01:41.703,2026-04-20 04:23:41.703,82.0,False,False,False
SJ017_2026-04-20_025741,SJ017,1,9,1,2026-04-20 02:57:41.701,2026-04-20 05:00:41.701,123.0,False,False,False
UK188_2026-04-20_025541,UK188,3,23,1,2026-04-20 02:55:41.703,2026-04-20 03:44:41.703,49.0,False,False,False
AI196_2026-04-20_025241,AI196,2,19,1,2026-04-20 02:52:41.703,2026-04-20 04:25:41.703,93.0,False,False,False
AI068_2026-04-20_024841,AI068,2,26,1,2026-04-20 02:48:41.702,2026-04-20 04:48:42.000,120.00496666666666,False,False,False
SJ097_2026-04-20_023741,SJ097,1,2,1,2026-04-20 02:37:41.702,2026-04-20 05:27:41.702,170.0,False,False,False
SJ030_2026-04-20_023641,SJ030,1,4,1,2026-04-20 02:36:41.701,2026-04-20 03:19:41.701,43.0,False,False,False
6F179_2026-04-20_022541,6F179,4,14,1,2026-04-20 02:25:41.703,2026-04-20 06:40:41.703,255.0,False,False,False
6F156_2026-04-20_022341,6F156,4,3,1,2026-04-20 02:23:41.703,2026-04-20 04:57:41.703,154.0,False,False,False
6F250_2026-04-20_022341,6F250,5,22,1,2026-04-20 02:23:41.702,2026-04-20 02:56:41.702,33.0,False,False,True
SJ057_2026-04-20_021741,SJ057,1,2,1,2026-04-20 02:17:41.701,2026-04-20 05:29:41.701,192.0,False,False,False
6F036_2026-04-20_021441,6F036,4,22,1,2026-04-20 02:14:41.701,2026-04-20 06:57:41.701,283.0,False,False,False
6F201_2026-04-20_020941,6F201,4,28,1,2026-04-20 02:09:41.703,2026-04-20 06:49:41.703,280.0,False,False,False
6F143_2026-04-20_020941,6F143,4,12,1,2026-04-20 02:09:41.702,2026-04-20 06:08:41.702,239.0,False,False,False
6F177_2026-04-20_020341,6F177,4,14,1,2026-04-20 02:03:41.703,2026-04-20 04:25:41.703,142.0,False,False,False
6F031_2026-04-20_020041,6F031,4,26,1,2026-04-20 02:00:41.701,2026-04-20 06:37:41.701,277.0,False,False,False
UK165_2026-04-20_015141,UK165,3,7,1,2026-04-20 01:51:41.703,2026-04-20 06:04:41.703,253.0,False,False,False
6F122_2026-04-20_014441,6F122,4,7,1,2026-04-20 01:44:41.702,2026-04-20 05:28:41.702,224.0,False,False,False
AI009_2026-04-20_013141,AI009,5,18,1,2026-04-20 01:31:41.701,2026-04-20 04:05:41.701,154.0,False,False,True
6F046_2026-04-20_012741,6F046,4,7,1,2026-04-20 01:27:41.701,2026-04-20 05:08:41.701,221.0,False,False,False
AI051_2026-04-20_012741,AI051,2,23,1,2026-04-20 01:27:41.701,2026-04-20 02:22:41.701,55.0,False,False,False
UK222_2026-04-20_012241,UK222,3,2,1,2026-04-20 01:22:41.704,2026-04-20 02:57:41.704,95.0,False,False,False
SJ127_2026-04-20_012141,SJ127,1,8,1,2026-04-20 01:21:41.702,2026-04-20 03:58:41.702,157.0,False,False,False
AI226_2026-04-20_011941,AI226,5,29,1,2026-04-20 01:19:41.703,2026-04-20 04:08:41.703,169.0,False,False,True
AI216_2026-04-20_011041,AI216,2,2,1,2026-04-20 01:10:41.703,2026-04-20 02:34:41.703,84.0,False,False,False
6F058_2026-04-20_010441,6F058,4,2,1,2026-04-20 01:04:41.701,2026-04-20 03:33:41.701,149.0,False,False,False
SJ207_2026-04-20_005241,SJ207,1,18,1,2026-04-20 00:52:41.703,2026-04-20 04:05:41.703,193.0,False,False,False
SJ198_2026-04-20_004741,SJ198,1,28,1,2026-04-20 00:47:41.703,2026-04-20 05:28:41.703,281.0,False,False,False
SJ108_2026-04-20_004041,SJ108,1,29,1,2026-04-20 00:40:41.702,2026-04-20 03:16:41.702,156.0,False,False,False
SJ155_2026-04-20_003841,SJ155,1,18,1,2026-04-20 00:38:41.702,2026-04-20 05:38:41.702,300.0,False,False,False
6F193_2026-04-20_003441,6F193,4,16,1,2026-04-20 00:34:41.703,2026-04-20 02:32:41.703,118.0,False,False,False
6F019_2026-04-20_001941,6F019,4,6,1,2026-04-20 00:19:41.701,2026-04-20 04:14:41.701,235.0,False,False,False
AI102_2026-04-20_001741,AI102,2,22,1,2026-04-20 00:17:41.702,2026-04-20 05:08:41.702,291.0,False,False,False
6F166_2026-04-20_000341,6F166,4,2,1,2026-04-20 00:03:41.703,2026-04-20 04:33:41.703,270.0,False,False,False
UK175_2026-04-19_235641,UK175,3,6,2,2026-04-19 23:56:41.703,2026-04-20 03:18:41.703,202.0,True,False,False
6F010_2026-04-19_235341,6F010,4,7,2,2026-04-19 23:53:41.701,2026-04-20 03:44:41.701,231.0,True,False,False
AI234_2026-04-19_235041,AI234,2,16,2,2026-04-19 23:50:41.704,2026-04-20 01:34:41.704,104.0,True,False,False
UK135_2026-04-19_235041,UK135,3,13,2,2026-04-19 23:50:41.702,2026-04-20 01:43:41.702,113.0,True,False,False
6F272_2026-04-19_233541,6F272,5,14,2,2026-04-19 23:35:41.702,2026-04-20 00:22:41.702,47.0,True,False,True
AI061_2026-04-19_233141,AI061,2,2,2,2026-04-19 23:31:41.701,2026-04-20 01:02:41.701,91.0,True,False,False
6F070_2026-04-19_232341,6F070,4,13,2,2026-04-19 23:23:41.701,2026-04-20 02:24:41.701,181.0,True,False,False
AI015_2026-04-19_232141,AI015,2,25,2,2026-04-19 23:21:41.701,2026-04-20 01:15:41.701,114.0,True,False,False
SJ076_2026-04-19_230141,SJ076,1,9,2,2026-04-19 23:01:41.701,2026-04-20 02:02:41.701,181.0,True,False,False
SJ029_2026-04-19_225541,SJ029,5,13,2,2026-04-19 22:55:41.701,2026-04-20 00:22:41.701,87.0,True,False,True
SJ194_2026-04-19_224641,SJ194,1,12,2,2026-04-19 22:46:41.703,2026-04-20 02:31:41.703,225.0,True,False,False
AI235_2026-04-19_224541,AI235,2,29,2,2026-04-19 22:45:41.704,2026-04-20 02:12:41.704,207.0,True,False,False
SJ048_2026-04-19_224341,SJ048,1,23,2,2026-04-19 22:43:41.701,2026-04-20 00:19:41.701,96.0,True,False,False
SJ114_2026-04-19_224241,SJ114,1,13,2,2026-04-19 22:42:41.702,2026-04-20 02:02:41.702,200.0,True,False,False
SJ146_2026-04-19_223741,SJ146,1,24,2,2026-04-19 22:37:41.702,2026-04-20 00:33:41.702,116.0,True,False,False
UK041_2026-04-19_223741,UK041,3,14,2,2026-04-19 22:37:41.701,2026-04-19 23:44:41.701,67.0,False,False,False
6F075_2026-04-19_222041,6F075,4,2,2,2026-04-19 22:20:41.702,2026-04-20 03:02:41.702,282.0,True,False,False
SJ020_2026-04-19_221841,SJ020,1,6,2,2026-04-19 22:18:41.701,2026-04-20 02:27:41.701,249.0,True,False,False
SJ099_2026-04-19_221441,SJ099,5,23,2,2026-04-19 22:14:41.702,2026-04-20 00:34:41.702,140.0,True,False,True
6F078_2026-04-19_220441,6F078,4,2,2,2026-04-19 22:04:41.702,2026-04-19 23:37:41.702,93.0,False,False,False
UK219_2026-04-19_220341,UK219,3,5,2,2026-04-19 22:03:41.704,2026-04-20 02:21:41.704,258.0,True,False,False
UK223_2026-04-19_215841,UK223,3,12,2,2026-04-19 21:58:41.704,2026-04-19 22:30:41.704,32.0,False,False,False
UK227_2026-04-19_215741,UK227,3,5,2,2026-04-19 21:57:41.704,2026-04-20 01:47:41.704,230.0,True,False,False
6F260_2026-04-19_215141,6F260,5,12,2,2026-04-19 21:51:41.702,2026-04-20 01:14:41.702,203.0,True,False,True
AI096_2026-04-19_214841,AI096,2,12,2,2026-04-19 21:48:41.702,2026-04-20 02:46:41.702,298.0,True,False,False
6F022_2026-04-19_214641,6F022,4,23,2,2026-04-19 21:46:41.701,2026-04-20 02:05:41.701,259.0,True,False,False
6F237_2026-04-19_214141,6F237,4,14,2,2026-04-19 21:41:41.704,2026-04-20 00:44:41.704,183.0,True,False,False
UK146_2026-04-19_214041,UK146,3,16,2,2026-04-19 21:40:41.703,2026-04-20 00:08:41.703,148.0,True,False,False
SJ015_2026-04-19_214041,SJ015,1,2,2,2026-04-19 21:40:41.701,2026-04-19 22:52:41.701,72.0,False,False,False
AI108_2026-04-19_213241,AI108,2,25,2,2026-04-19 21:32:41.702,2026-04-20 00:17:41.702,165.0,True,False,False
UK020_2026-04-19_212341,UK020,3,23,2,2026-04-19 21:23:41.701,2026-04-19 22:38:41.701,75.0,False,False,False
6F113_2026-04-19_210441,6F113,4,2,2,2026-04-19 21:04:41.702,2026-04-20 01:30:41.702,266.0,True,False,False
6F112_2026-04-19_210041,6F112,4,13,2,2026-04-19 21:00:41.702,2026-04-19 23:16:41.702,136.0,False,False,False
6F246_2026-04-19_210041,6F246,4,13,2,2026-04-19 21:00:41.702,2026-04-19 23:16:41.702,136.0,False,False,False
UK158_2026-04-19_204941,UK158,3,16,2,2026-04-19 20:49:41.703,2026-04-19 21:22:41.703,33.0,False,False,False
UK159_2026-04-19_204541,UK159,3,22,2,2026-04-19 20:45:41.703,2026-04-19 23:32:41.703,167.0,False,False,False
UK084_2026-04-19_204441,UK084,3,11,2,2026-04-19 20:44:41.702,2026-04-20 00:20:41.702,216.0,True,False,False
SJ206_2026-04-19_204341,SJ206,1,18,2,2026-04-19 20:43:41.703,2026-04-20 01:21:41.703,278.0,True,False,False
UK044_2026-04-19_203141,UK044,3,6,2,2026-04-19 20:31:41.701,2026-04-19 23:29:41.701,178.0,False,False,False
SJ036_2026-04-19_202441,SJ036,1,4,2,2026-04-19 20:24:41.701,2026-04-19 23:54:41.701,210.0,False,False,False
6F176_2026-04-19_202342,6F176,4,12,2,2026-04-19 20:23:42.000,2026-04-19 23:23:42.000,180.0,False,False,False
6F148_2026-04-19_202341,6F148,4,28,2,2026-04-19 20:23:41.703,2026-04-19 22:30:41.703,127.0,False,False,False
6F202_2026-04-19_201841,6F202,4,24,2,2026-04-19 20:18:41.703,2026-04-19 23:48:41.703,210.0,False,False,False
6F071_2026-04-19_201841,6F071,4,18,2,2026-04-19 20:18:41.702,2026-04-20 00:31:41.702,253.0,True,False,False
AI105_2026-04-19_201641,AI105,2,12,2,2026-04-19 20:16:41.702,2026-04-19 22:03:41.702,107.0,False,False,False
AI241_2026-04-19_201141,AI241,2,24,2,2026-04-19 20:11:41.704,2026-04-19 22:18:41.704,127.0,False,False,False
SJ162_2026-04-19_201141,SJ162,1,4,2,2026-04-19 20:11:41.703,2026-04-19 22:30:41.703,139.0,False,False,False
6F003_2026-04-19_200641,6F003,4,17,2,2026-04-19 20:06:41.700,2026-04-19 23:13:41.700,187.0,False,False,False
6F249_2026-04-19_200641,6F249,4,17,2,2026-04-19 20:06:41.700,2026-04-19 23:13:41.700,187.0,False,False,False
AI237_2026-04-19_195841,AI237,2,2,2,2026-04-19 19:58:41.704,2026-04-19 23:13:41.704,195.0,False,False,False
SJ134_2026-04-19_195841,SJ134,1,2,2,2026-04-19 19:58:41.702,2026-04-20 00:15:41.702,257.0,True,False,False
AI071_2026-04-19_195541,AI071,2,16,2,2026-04-19 19:55:41.702,2026-04-19 22:58:41.702,183.0,False,False,False
6F118_2026-04-19_195241,6F118,4,20,2,2026-04-19 19:52:41.702,2026-04-19 21:01:41.702,69.0,False,False,False
6F014_2026-04-19_194241,6F014,4,9,2,2026-04-19 19:42:41.701,2026-04-19 23:15:41.701,213.0,False,False,False
6F065_2026-04-19_194041,6F065,4,23,2,2026-04-19 19:40:41.701,2026-04-19 22:23:41.701,163.0,False,False,False
6F271_2026-04-19_193341,6F271,5,14,2,2026-04-19 19:33:41.702,2026-04-19 22:52:41.702,199.0,False,False,True
SJ070_2026-04-19_185541,SJ070,1,21,2,2026-04-19 18:55:41.701,2026-04-19 20:48:41.701,113.0,False,False,False
6F007_2026-04-19_185541,6F007,4,14,2,2026-04-19 18:55:41.701,2026-04-19 19:54:41.701,59.0,False,False,False
UK007_2026-04-19_185041,UK007,3,4,2,2026-04-19 18:50:41.701,2026-04-19 21:04:41.701,134.0,False,False,False
AI097_2026-04-19_184241,AI097,2,14,2,2026-04-19 18:42:41.702,2026-04-19 23:34:41.702,292.0,False,False,False
6F256_2026-04-19_184041,6F256,5,2,2,2026-04-19 18:40:41.702,2026-04-19 19:13:41.702,33.0,False,False,True
UK047_2026-04-19_184041,UK047,3,29,2,2026-04-19 18:40:41.701,2026-04-19 22:45:41.701,245.0,False,False,False
AI024_2026-04-19_183841,AI024,2,3,2,2026-04-19 18:38:41.701,2026-04-19 19:45:41.701,67.0,False,False,False
UK113_2026-04-19_183441,UK113,3,12,2,2026-04-19 18:34:41.702,2026-04-19 22:58:41.702,264.0,False,False,False
SJ163_2026-04-19_183241,SJ163,1,4,2,2026-04-19 18:32:41.703,2026-04-19 23:08:41.703,276.0,False,False,False
SJ208_2026-04-19_183241,SJ208,1,4,2,2026-04-19 18:32:41.703,2026-04-19 19:33:41.703,61.0,False,False,False
SJ221_2026-04-19_183141,SJ221,1,19,2,2026-04-19 18:31:41.703,2026-04-19 23:17:41.703,286.0,False,False,False
SJ084_2026-04-19_183141,SJ084,1,14,2,2026-04-19 18:31:41.702,2026-04-19 19:30:41.702,59.0,False,False,False
6F127_2026-04-19_182741,6F127,4,17,2,2026-04-19 18:27:41.702,2026-04-19 22:28:41.702,241.0,False,False,False
AI122_2026-04-19_182541,AI122,2,2,2,2026-04-19 18:25:41.702,2026-04-19 22:36:41.702,251.0,False,False,False
AI139_2026-04-19_182341,AI139,2,14,2,2026-04-19 18:23:41.702,2026-04-19 19:24:41.702,61.0,False,False,False
UK149_2026-04-19_182241,UK149,3,11,2,2026-04-19 18:22:41.703,2026-04-19 23:08:41.703,286.0,False,False,False
AI149_2026-04-19_181941,AI149,2,5,2,2026-04-19 18:19:41.703,2026-04-19 21:36:41.703,197.0,False,False,False
SJ243_2026-04-19_181741,SJ243,1,30,2,2026-04-19 18:17:41.704,2026-04-19 23:03:41.704,286.0,False,False,False
AI053_2026-04-19_180441,AI053,2,12,2,2026-04-19 18:04:41.701,2026-04-19 22:19:41.701,255.0,False,False,False
UK061_2026-04-19_175841,UK061,3,6,2,2026-04-19 17:58:41.701,2026-04-19 19:48:41.701,110.0,False,False,False
SJ004_2026-04-19_175241,SJ004,1,11,2,2026-04-19 17:52:41.701,2026-04-19 21:01:41.701,189.0,False,False,False
AI173_2026-04-19_173641,AI173,2,13,2,2026-04-19 17:36:41.703,2026-04-19 22:27:41.703,291.0,False,False,False
6F085_2026-04-19_173241,6F085,4,14,2,2026-04-19 17:32:41.702,2026-04-19 19:32:42.000,120.00496666666666,False,False,False
AI252_2026-04-19_173041,AI252,5,13,2,2026-04-19 17:30:41.704,2026-04-19 21:54:41.704,264.0,False,False,True
SJ109_2026-04-19_172441,SJ109,1,8,2,2026-04-19 17:24:41.702,2026-04-19 20:28:41.702,184.0,False,False,False
UK123_2026-04-19_172441,UK123,3,8,2,2026-04-19 17:24:41.702,2026-04-19 20:18:41.702,174.0,False,False,False
6F125_2026-04-19_170941,6F125,4,2,2,2026-04-19 17:09:41.702,2026-04-19 21:13:41.702,244.0,False,False,False
UK183_2026-04-19_170741,UK183,3,25,2,2026-04-19 17:07:41.703,2026-04-19 18:30:41.703,83.0,False,False,False
AI110_2026-04-19_170741,AI110,2,2,2,2026-04-19 17:07:41.702,2026-04-19 22:00:41.702,293.0,False,False,False
UK105_2026-04-19_170441,UK105,3,20,2,2026-04-19 17:04:41.702,2026-04-19 18:11:41.702,67.0,False,False,False
6F128_2026-04-19_165641,6F128,4,13,2,2026-04-19 16:56:41.702,2026-04-19 18:03:41.702,67.0,False,False,False
6F224_2026-04-19_165341,6F224,4,9,2,2026-04-19 16:53:41.704,2026-04-19 18:52:41.704,119.0,False,False,False
SJ130_2026-04-19_165341,SJ130,1,8,2,2026-04-19 16:53:41.702,2026-04-19 20:53:41.702,240.0,False,False,False
AI224_2026-04-19_165141,AI224,2,4,2,2026-04-19 16:51:41.703,2026-04-19 21:36:41.703,285.0,False,False,False
SJ182_2026-04-19_164841,SJ182,1,28,2,2026-04-19 16:48:41.703,2026-04-19 17:36:41.703,48.0,False,False,False
UK164_2026-04-19_164641,UK164,3,5,2,2026-04-19 16:46:41.703,2026-04-19 21:10:41.703,264.0,False,False,False
AI161_2026-04-19_164041,AI161,2,28,2,2026-04-19 16:40:41.703,2026-04-19 19:40:41.703,180.0,False,False,False
6F206_2026-04-19_163941,6F206,4,10,2,2026-04-19 16:39:41.703,2026-04-19 20:59:41.703,260.0,False,False,False
SJ204_2026-04-19_163441,SJ204,1,12,2,2026-04-19 16:34:41.703,2026-04-19 18:15:41.703,101.0,False,False,False
AI206_2026-04-19_163041,AI206,2,1,2,2026-04-19 16:30:41.703,2026-04-19 20:01:41.703,211.0,False,False,False
6F140_2026-04-19_163041,6F140,4,20,2,2026-04-19 16:30:41.702,2026-04-19 18:21:41.702,111.0,False,False,False
6F253_2026-04-19_162641,6F253,5,23,2,2026-04-19 16:26:41.703,2026-04-19 18:24:41.703,118.0,False,False,True
SJ203_2026-04-19_162241,SJ203,5,4,2,2026-04-19 16:22:41.703,2026-04-19 18:27:41.703,125.0,False,False,True
SJ161_2026-04-19_162241,SJ161,1,23,2,2026-04-19 16:22:41.703,2026-04-19 17:04:41.703,42.0,False,False,False
AI098_2026-04-19_160141,AI098,2,14,2,2026-04-19 16:01:41.702,2026-04-19 18:11:41.702,130.0,False,False,False
AI168_2026-04-19_155041,AI168,5,18,2,2026-04-19 15:50:41.703,2026-04-19 20:20:41.703,270.0,False,False,True
UK190_2026-04-19_154941,UK190,3,7,2,2026-04-19 15:49:41.703,2026-04-19 18:53:41.703,184.0,False,False,False
AI085_2026-04-19_154541,AI085,2,4,2,2026-04-19 15:45:41.702,2026-04-19 20:33:41.702,288.0,False,False,False
AI076_2026-04-19_153741,AI076,2,6,2,2026-04-19 15:37:41.702,2026-04-19 16:12:41.702,35.0,False,False,False
UK130_2026-04-19_153641,UK130,3,23,2,2026-04-19 15:36:41.702,2026-04-19 19:43:41.702,247.0,False,False,False
6F038_2026-04-19_153641,6F038,4,14,2,2026-04-19 15:36:41.701,2026-04-19 19:33:41.701,237.0,False,False,False
UK110_2026-04-19_152641,UK110,3,13,2,2026-04-19 15:26:41.702,2026-04-19 20:13:41.702,287.0,False,False,False
SJ013_2026-04-19_152541,SJ013,1,9,2,2026-04-19 15:25:41.701,2026-04-19 19:54:41.701,269.0,False,False,False
AI039_2026-04-19_152441,AI039,2,23,2,2026-04-19 15:24:41.701,2026-04-19 18:56:41.701,212.0,False,False,False
AI248_2026-04-19_151741,AI248,2,12,2,2026-04-19 15:17:41.704,2026-04-19 16:35:41.704,78.0,False,False,False
6F199_2026-04-19_151541,6F199,4,9,2,2026-04-19 15:15:41.703,2026-04-19 17:32:41.703,137.0,False,False,False
AI225_2026-04-19_150541,AI225,2,26,2,2026-04-19 15:05:41.703,2026-04-19 16:01:41.703,56.0,False,False,False
SJ028_2026-04-19_150441,SJ028,1,28,2,2026-04-19 15:04:41.701,2026-04-19 19:32:41.701,268.0,False,False,False
SJ012_2026-04-19_150141,SJ012,1,24,2,2026-04-19 15:01:41.701,2026-04-19 16:12:41.701,71.0,False,False,False
SJ131_2026-04-19_150041,SJ131,1,19,2,2026-04-19 15:00:41.702,2026-04-19 16:07:41.702,67.0,False,False,False
AI010_2026-04-19_150041,AI010,2,5,2,2026-04-19 15:00:41.701,2026-04-19 19:48:41.701,288.0,False,False,False
6F020_2026-04-19_145841,6F020,4,5,2,2026-04-19 14:58:41.701,2026-04-19 16:43:41.701,105.0,False,False,False
SJ038_2026-04-19_145741,SJ038,1,30,2,2026-04-19 14:57:41.701,2026-04-19 17:46:41.701,169.0,False,False,False
UK204_2026-04-19_144641,UK204,3,30,2,2026-04-19 14:46:41.703,2026-04-19 16:24:41.703,98.0,False,False,False
AI036_2026-04-19_144541,AI036,2,2,2,2026-04-19 14:45:41.701,2026-04-19 16:16:41.701,91.0,False,False,False
AI100_2026-04-19_144241,AI100,5,28,2,2026-04-19 14:42:41.702,2026-04-19 18:22:41.702,220.0,False,False,True
SJ215_2026-04-19_143741,SJ215,1,12,2,2026-04-19 14:37:41.703,2026-04-19 16:12:41.703,95.0,False,False,False
UK155_2026-04-19_143441,UK155,3,19,2,2026-04-19 14:34:41.703,2026-04-19 18:37:41.703,243.0,False,False,False
SJ173_2026-04-19_142741,SJ173,1,20,2,2026-04-19 14:27:41.703,2026-04-19 16:09:41.703,102.0,False,False,False
UK179_2026-04-19_142541,UK179,3,4,2,2026-04-19 14:25:41.703,2026-04-19 19:15:41.703,290.0,False,False,False
UK221_2026-04-19_141841,UK221,3,12,2,2026-04-19 14:18:41.704,2026-04-19 18:44:41.704,266.0,False,False,False
UK023_2026-04-19_141541,UK023,3,9,2,2026-04-19 14:15:41.701,2026-04-19 19:03:41.701,288.0,False,False,False
SJ107_2026-04-19_141041,SJ107,1,16,2,2026-04-19 14:10:41.702,2026-04-19 18:38:41.702,268.0,False,False,False
AI073_2026-04-19_140841,AI073,2,26,2,2026-04-19 14:08:41.702,2026-04-19 16:10:41.702,122.0,False,False,False
SJ187_2026-04-19_140741,SJ187,1,23,2,2026-04-19 14:07:41.703,2026-04-19 17:30:41.703,203.0,False,False,False
UK058_2026-04-19_134641,UK058,3,3,2,2026-04-19 13:46:41.701,2026-04-19 17:04:41.701,198.0,False,False,False
SJ063_2026-04-19_133841,SJ063,1,3,2,2026-04-19 13:38:41.701,2026-04-19 15:23:41.701,105.0,False,False,False
SJ062_2026-04-19_133741,SJ062,1,29,2,2026-04-19 13:37:41.701,2026-04-19 17:06:41.701,209.0,False,False,False
UK048_2026-04-19_133641,UK048,3,11,2,2026-04-19 13:36:41.701,2026-04-19 18:21:41.701,285.0,False,False,False
AI181_2026-04-19_132941,AI181,2,19,2,2026-04-19 13:29:41.703,2026-04-19 16:55:41.703,206.0,False,False,False
AI003_2026-04-19_132741,AI003,2,29,2,2026-04-19 13:27:41.701,2026-04-19 16:55:41.701,208.0,False,False,False
6F041_2026-04-19_131941,6F041,4,3,2,2026-04-19 13:19:41.701,2026-04-19 16:48:41.701,209.0,False,False,False
6F175_2026-04-19_131841,6F175,4,21,2,2026-04-19 13:18:41.703,2026-04-19 15:13:41.703,115.0,False,False,False
6F013_2026-04-19_131541,6F013,4,2,2,2026-04-19 13:15:41.701,2026-04-19 18:05:41.701,290.0,False,False,False
SJ040_2026-04-19_131241,SJ040,1,2,2,2026-04-19 13:12:41.701,2026-04-19 16:44:41.701,212.0,False,False,False
SJ016_2026-04-19_130141,SJ016,1,15,2,2026-04-19 13:01:41.701,2026-04-19 16:26:41.701,205.0,False,False,False
6F135_2026-04-19_125941,6F135,4,19,2,2026-04-19 12:59:41.702,2026-04-19 13:45:41.702,46.0,False,False,False
6F150_2026-04-19_125541,6F150,4,14,2,2026-04-19 12:55:41.703,2026-04-19 16:53:41.703,238.0,False,False,False
AI083_2026-04-19_125441,AI083,2,10,2,2026-04-19 12:54:41.702,2026-04-19 13:37:41.702,43.0,False,False,False
SJ166_2026-04-19_125141,SJ166,1,20,2,2026-04-19 12:51:41.703,2026-04-19 16:18:41.703,207.0,False,False,False
SJ027_2026-04-19_125041,SJ027,5,16,2,2026-04-19 12:50:41.701,2026-04-19 17:13:41.701,263.0,False,False,True
6F134_2026-04-19_124741,6F134,4,27,2,2026-04-19 12:47:41.702,2026-04-19 14:06:41.702,79.0,False,False,False
UK225_2026-04-19_124641,UK225,3,23,2,2026-04-19 12:46:41.704,2026-04-19 15:02:41.704,136.0,False,False,False
SJ175_2026-04-19_124641,SJ175,1,23,2,2026-04-19 12:46:41.703,2026-04-19 16:50:41.703,244.0,False,False,False
AI182_2026-04-19_124141,AI182,2,13,2,2026-04-19 12:41:41.703,2026-04-19 17:14:41.703,273.0,False,False,False
AI190_2026-04-19_123841,AI190,2,2,2,2026-04-19 12:38:41.703,2026-04-19 15:56:41.703,198.0,False,False,False
AI120_2026-04-19_121241,AI120,2,21,2,2026-04-19 12:12:41.702,2026-04-19 14:18:41.702,126.0,False,False,False
6F132_2026-04-19_120041,6F132,4,3,2,2026-04-19 12:00:41.702,2026-04-19 13:00:42.000,60.00496666666666,False,False,False
UK102_2026-04-19_115841,UK102,3,15,2,2026-04-19 11:58:41.702,2026-04-19 14:01:41.702,123.0,False,False,False
AI045_2026-04-19_115841,AI045,2,14,2,2026-04-19 11:58:41.701,2026-04-19 14:37:41.701,159.0,False,False,False
UK136_2026-04-19_114341,UK136,3,15,2,2026-04-19 11:43:41.703,2026-04-19 15:26:41.703,223.0,False,False,False
SJ238_2026-04-19_114141,SJ238,1,23,2,2026-04-19 11:41:41.704,2026-04-19 15:39:41.704,238.0,False,False,False
AI193_2026-04-19_113341,AI193,2,19,2,2026-04-19 11:33:41.703,2026-04-19 16:07:41.703,274.0,False,False,False
6F001_2026-04-19_113341,6F001,4,17,2,2026-04-19 11:33:41.700,2026-04-19 13:08:41.700,95.0,False,False,False
6F211_2026-04-19_112941,6F211,4,23,2,2026-04-19 11:29:41.703,2026-04-19 16:20:41.703,291.0,False,False,False
SJ199_2026-04-19_112941,SJ199,1,17,2,2026-04-19 11:29:41.703,2026-04-19 13:59:41.703,150.0,False,False,False
SJ050_2026-04-19_112441,SJ050,1,15,2,2026-04-19 11:24:41.701,2026-04-19 12:03:41.701,39.0,False,False,False
UK115_2026-04-19_112041,UK115,3,6,2,2026-04-19 11:20:41.702,2026-04-19 13:20:42.000,120.00496666666666,False,False,False
AI037_2026-04-19_111441,AI037,5,26,2,2026-04-19 11:14:41.701,2026-04-19 15:13:41.701,239.0,False,False,True
6F235_2026-04-19_110641,6F235,4,14,2,2026-04-19 11:06:41.704,2026-04-19 13:51:41.704,165.0,False,False,False
UK111_2026-04-19_110641,UK111,3,23,2,2026-04-19 11:06:41.702,2026-04-19 12:20:41.702,74.0,False,False,False
6F005_2026-04-19_110441,6F005,4,16,2,2026-04-19 11:04:41.701,2026-04-19 15:27:41.701,263.0,False,False,False
AI198_2026-04-19_105641,AI198,2,1,2,2026-04-19 10:56:41.703,2026-04-19 14:19:41.703,203.0,False,False,False
UK184_2026-04-19_104941,UK184,3,19,2,2026-04-19 10:49:41.703,2026-04-19 13:00:41.703,131.0,False,False,False
6F219_2026-04-19_103241,6F219,4,11,2,2026-04-19 10:32:41.704,2026-04-19 14:37:41.704,245.0,False,False,False
UK066_2026-04-19_102941,UK066,3,2,2,2026-04-19 10:29:41.701,2026-04-19 12:07:41.701,98.0,False,False,False
6F220_2026-04-19_102741,6F220,4,17,2,2026-04-19 10:27:41.704,2026-04-19 11:25:41.704,58.0,False,False,False
AI180_2026-04-19_101941,AI180,2,2,2,2026-04-19 10:19:41.703,2026-04-19 11:00:41.703,41.0,False,False,False
6F098_2026-04-19_101841,6F098,4,27,2,2026-04-19 10:18:41.702,2026-04-19 12:49:41.702,151.0,False,False,False
AI141_2026-04-19_101641,AI141,2,30,2,2026-04-19 10:16:41.702,2026-04-19 14:53:41.702,277.0,False,False,False
SJ170_2026-04-19_101141,SJ170,1,6,2,2026-04-19 10:11:41.703,2026-04-19 11:56:41.703,105.0,False,False,False
SJ178_2026-04-19_095841,SJ178,1,5,2,2026-04-19 09:58:41.703,2026-04-19 12:27:41.703,149.0,False,False,False
6F172_2026-04-19_095341,6F172,4,26,2,2026-04-19 09:53:41.703,2026-04-19 14:46:41.703,293.0,False,False,False
UK220_2026-04-19_095141,UK220,3,6,2,2026-04-19 09:51:41.704,2026-04-19 13:25:41.704,214.0,False,False,False
SJ148_2026-04-19_095141,SJ148,1,7,2,2026-04-19 09:51:41.702,2026-04-19 13:41:41.702,230.0,False,False,False
UK065_2026-04-19_093841,UK065,3,2,2,2026-04-19 09:38:41.701,2026-04-19 13:46:41.701,248.0,False,False,False
6F243_2026-04-19_093741,6F243,4,5,2,2026-04-19 09:37:41.704,2026-04-19 10:33:41.704,56.0,False,False,False
SJ193_2026-04-19_093741,SJ193,1,12,2,2026-04-19 09:37:41.703,2026-04-19 12:16:41.703,159.0,False,False,False
UK056_2026-04-19_092941,UK056,3,14,2,2026-04-19 09:29:41.701,2026-04-19 10:15:41.701,46.0,False,False,False
AI219_2026-04-19_092841,AI219,5,30,2,2026-04-19 09:28:41.703,2026-04-19 11:27:41.703,119.0,False,False,True
SJ073_2026-04-19_092641,SJ073,1,22,2,2026-04-19 09:26:41.701,2026-04-19 11:14:41.701,108.0,False,False,False
6F052_2026-04-19_091341,6F052,4,2,2,2026-04-19 09:13:41.701,2026-04-19 12:02:41.701,169.0,False,False,False
SJ201_2026-04-19_091041,SJ201,1,30,2,2026-04-19 09:10:41.703,2026-04-19 11:12:41.703,122.0,False,False,False
UK028_2026-04-19_090241,UK028,3,14,2,2026-04-19 09:02:41.701,2026-04-19 10:37:41.701,95.0,False,False,False
SJ119_2026-04-19_085341,SJ119,1,2,2,2026-04-19 08:53:41.702,2026-04-19 11:29:41.702,156.0,False,False,False
AI165_2026-04-19_085141,AI165,2,18,2,2026-04-19 08:51:41.703,2026-04-19 10:31:41.703,100.0,False,False,False
AI255_2026-04-19_084541,AI255,2,21,2,2026-04-19 08:45:41.704,2026-04-19 13:12:41.704,267.0,False,False,False
AI202_2026-04-19_084441,AI202,2,24,2,2026-04-19 08:44:41.703,2026-04-19 10:53:41.703,129.0,False,False,False
SJ039_2026-04-19_084141,SJ039,1,3,2,2026-04-19 08:41:41.701,2026-04-19 12:08:41.701,207.0,False,False,False
SJ051_2026-04-19_084041,SJ051,5,26,2,2026-04-19 08:40:41.701,2026-04-19 12:18:41.701,218.0,False,False,True
UK024_2026-04-19_082941,UK024,3,23,2,2026-04-19 08:29:41.701,2026-04-19 13:29:41.701,300.0,False,False,False
SJ006_2026-04-19_082541,SJ006,1,24,2,2026-04-19 08:25:41.701,2026-04-19 08:57:41.701,32.0,False,False,False
AI207_2026-04-19_082441,AI207,2,16,2,2026-04-19 08:24:41.703,2026-04-19 11:23:41.703,179.0,False,False,False
SJ168_2026-04-19_081741,SJ168,1,28,2,2026-04-19 08:17:41.703,2026-04-19 12:29:41.703,252.0,False,False,False
AI028_2026-04-19_075341,AI028,2,17,2,2026-04-19 07:53:41.701,2026-04-19 08:35:41.701,42.0,False,False,False
6F094_2026-04-19_073741,6F094,4,6,2,2026-04-19 07:37:41.702,2026-04-19 09:06:41.702,89.0,False,False,False
6F024_2026-04-19_073141,6F024,4,8,2,2026-04-19 07:31:41.701,2026-04-19 11:17:41.701,226.0,False,False,False
6F061_2026-04-19_072841,6F061,4,3,2,2026-04-19 07:28:41.701,2026-04-19 08:09:41.701,41.0,False,False,False
AI032_2026-04-19_072641,AI032,2,23,2,2026-04-19 07:26:41.701,2026-04-19 09:26:42.000,120.00498333333333,False,False,False
UK163_2026-04-19_072241,UK163,3,4,2,2026-04-19 07:22:41.703,2026-04-19 09:04:41.703,102.0,False,False,False
SJ067_2026-04-19_071741,SJ067,1,23,2,2026-04-19 07:17:41.701,2026-04-19 08:16:41.701,59.0,False,False,False
SJ106_2026-04-19_071641,SJ106,1,12,2,2026-04-19 07:16:41.702,2026-04-19 09:40:41.702,144.0,False,False,False
AI086_2026-04-19_071341,AI086,2,20,2,2026-04-19 07:13:41.702,2026-04-19 10:09:41.702,176.0,False,False,False
6F263_2026-04-19_070741,6F263,5,4,2,2026-04-19 07:07:41.703,2026-04-19 08:30:41.703,83.0,False,False,True
6F163_2026-04-19_064941,6F163,4,3,2,2026-04-19 06:49:41.703,2026-04-19 10:46:41.703,237.0,False,False,False
SJ064_2026-04-19_062941,SJ064,1,12,2,2026-04-19 06:29:41.701,2026-04-19 08:43:41.701,134.0,False,False,False
UK118_2026-04-19_062241,UK118,3,24,2,2026-04-19 06:22:41.702,2026-04-19 07:22:42.000,60.00496666666666,False,False,False
UK022_2026-04-19_062241,UK022,3,4,2,2026-04-19 06:22:41.701,2026-04-19 10:59:41.701,277.0,False,False,False
UK099_2026-04-19_061641,UK099,3,16,2,2026-04-19 06:16:41.702,2026-04-19 10:24:41.702,248.0,False,False,False
6F212_2026-04-19_061041,6F212,4,25,2,2026-04-19 06:10:41.703,2026-04-19 10:52:41.703,282.0,False,True,False
AI023_2026-04-19_061041,AI023,2,24,2,2026-04-19 06:10:41.701,2026-04-19 09:35:41.701,205.0,False,False,False
SJ245_2026-04-19_060741,SJ245,1,8,2,2026-04-19 06:07:41.704,2026-04-19 09:39:41.704,212.0,False,False,False
6F066_2026-04-19_060741,6F066,4,29,2,2026-04-19 06:07:41.701,2026-04-19 07:43:41.701,96.0,False,False,False
AI138_2026-04-19_055041,AI138,2,18,2,2026-04-19 05:50:41.702,2026-04-19 06:40:41.702,50.0,False,False,False
SJ021_2026-04-19_054841,SJ021,1,24,2,2026-04-19 05:48:41.701,2026-04-19 09:46:41.701,238.0,False,False,False
SJ136_2026-04-19_054541,SJ136,1,24,2,2026-04-19 05:45:41.702,2026-04-19 08:04:41.702,139.0,False,False,False
AI148_2026-04-19_054141,AI148,2,14,2,2026-04-19 05:41:41.703,2026-04-19 08:32:41.703,171.0,False,False,False
SJ014_2026-04-19_054041,SJ014,1,5,2,2026-04-19 05:40:41.701,2026-04-19 06:39:41.701,59.0,False,False,False
6F104_2026-04-19_053941,6F104,4,28,2,2026-04-19 05:39:41.702,2026-04-19 06:14:41.702,35.0,False,False,False
SJ121_2026-04-19_053241,SJ121,1,12,2,2026-04-19 05:32:41.702,2026-04-19 06:47:41.702,75.0,False,False,False
UK174_2026-04-19_052741,UK174,3,12,2,2026-04-19 05:27:41.703,2026-04-19 07:47:41.703,140.0,False,False,False
AI033_2026-04-19_052541,AI033,2,21,2,2026-04-19 05:25:41.701,2026-04-19 10:21:41.701,296.0,False,False,False
SJ122_2026-04-19_052241,SJ122,1,28,2,2026-04-19 05:22:41.702,2026-04-19 10:09:41.702,287.0,False,False,False
UK095_2026-04-19_052241,UK095,3,16,2,2026-04-19 05:22:41.702,2026-04-19 07:36:41.702,134.0,False,False,False
SJ026_2026-04-19_052241,SJ026,1,1,2,2026-04-19 05:22:41.701,2026-04-19 09:40:41.701,258.0,False,False,False
6F221_2026-04-19_052041,6F221,4,11,2,2026-04-19 05:20:41.704,2026-04-19 08:52:41.704,212.0,False,False,False
SJ103_2026-04-19_051641,SJ103,1,23,2,2026-04-19 05:16:41.702,2026-04-19 08:56:41.702,220.0,False,False,False
SJ011_2026-04-19_051441,SJ011,1,16,2,2026-04-19 05:14:41.701,2026-04-19 09:59:41.701,285.0,False,False,False
AI002_2026-04-19_051241,AI002,2,24,2,2026-04-19 05:12:41.700,2026-04-19 07:12:41.700,120.0,False,False,False
AI046_2026-04-19_050941,AI046,5,10,2,2026-04-19 05:09:41.701,2026-04-19 08:00:41.701,171.0,False,False,True
SJ053_2026-04-19_050041,SJ053,1,12,2,2026-04-19 05:00:41.701,2026-04-19 06:38:41.701,98.0,False,False,False
AI236_2026-04-19_045241,AI236,2,10,2,2026-04-19 04:52:41.704,2026-04-19 09:11:41.704,259.0,False,False,False
AI254_2026-04-19_044641,AI254,2,20,2,2026-04-19 04:46:41.704,2026-04-19 08:06:41.704,200.0,False,False,False
6F063_2026-04-19_044241,6F063,4,4,2,2026-04-19 04:42:41.701,2026-04-19 07:31:41.701,169.0,False,False,False
6F115_2026-04-19_044141,6F115,4,23,2,2026-04-19 04:41:41.702,2026-04-19 06:23:41.702,102.0,False,False,False
UK070_2026-04-19_043641,UK070,3,8,2,2026-04-19 04:36:41.701,2026-04-19 06:49:41.701,133.0,False,False,False
SJ147_2026-04-19_043041,SJ147,1,25,2,2026-04-19 04:30:41.702,2026-04-19 08:52:41.702,262.0,False,False,False
UK201_2026-04-19_042941,UK201,3,17,2,2026-04-19 04:29:41.703,2026-04-19 06:42:41.703,133.0,False,False,False
SJ234_2026-04-19_042041,SJ234,1,25,2,2026-04-19 04:20:41.704,2026-04-19 06:23:41.704,123.0,False,False,False
AI176_2026-04-19_042041,AI176,2,30,2,2026-04-19 04:20:41.703,2026-04-19 06:25:41.703,125.0,False,False,False
SJ045_2026-04-19_041641,SJ045,1,9,2,2026-04-19 04:16:41.701,2026-04-19 09:03:41.701,287.0,False,False,False
SJ174_2026-04-19_040941,SJ174,1,12,2,2026-04-19 04:09:41.703,2026-04-19 05:04:41.703,55.0,False,False,False
AI007_2026-04-19_040141,AI007,2,11,2,2026-04-19 04:01:41.701,2026-04-19 06:01:42.000,120.00498333333333,False,False,False
AI143_2026-04-19_035841,AI143,2,12,2,2026-04-19 03:58:41.702,2026-04-19 04:36:41.702,38.0,False,False,False
SJ241_2026-04-19_035741,SJ241,1,4,2,2026-04-19 03:57:41.704,2026-04-19 06:36:41.704,159.0,False,False,False
AI020_2026-04-19_035341,AI020,5,26,2,2026-04-19 03:53:41.701,2026-04-19 06:21:41.701,148.0,False,False,True
UK031_2026-04-19_034541,UK031,3,12,2,2026-04-19 03:45:41.701,2026-04-19 07:20:41.701,215.0,False,False,False
AI013_2026-04-19_034141,AI013,2,24,2,2026-04-19 03:41:41.701,2026-04-19 04:58:41.701,77.0,False,False,False
AI249_2026-04-19_033841,AI249,2,29,2,2026-04-19 03:38:41.704,2026-04-19 06:27:41.704,169.0,False,False,False
UK046_2026-04-19_033741,UK046,3,12,2,2026-04-19 03:37:41.701,2026-04-19 06:05:41.701,148.0,False,False,False
UK168_2026-04-19_032041,UK168,3,25,2,2026-04-19 03:20:41.703,2026-04-19 04:09:41.703,49.0,False,False,False
AI022_2026-04-19_031541,AI022,2,16,2,2026-04-19 03:15:41.701,2026-04-19 05:10:41.701,115.0,False,False,False
UK218_2026-04-19_031241,UK218,3,23,2,2026-04-19 03:12:41.704,2026-04-19 07:22:41.704,250.0,False,False,False
UK142_2026-04-19_030341,UK142,3,30,2,2026-04-19 03:03:41.703,2026-04-19 07:13:41.703,250.0,False,False,False
6F067_2026-04-19_025941,6F067,4,23,2,2026-04-19 02:59:41.701,2026-04-19 06:02:41.701,183.0,False,False,False
SJ217_2026-04-19_025741,SJ217,1,2,2,2026-04-19 02:57:41.703,2026-04-19 06:04:41.703,187.0,False,False,False
SJ143_2026-04-19_025541,SJ143,1,10,2,2026-04-19 02:55:41.702,2026-04-19 03:52:41.702,57.0,False,False,False
AI243_2026-04-19_025041,AI243,5,6,2,2026-04-19 02:50:41.704,2026-04-19 05:09:41.704,139.0,False,False,True
SJ246_2026-04-19_024741,SJ246,1,8,2,2026-04-19 02:47:41.704,2026-04-19 03:47:42.000,60.004933333333334,False,False,False
6F170_2026-04-19_024441,6F170,4,13,2,2026-04-19 02:44:41.703,2026-04-19 04:14:41.703,90.0,False,False,False
UK157_2026-04-19_024141,UK157,3,28,2,2026-04-19 02:41:41.703,2026-04-19 03:41:42.000,60.00495,False,False,False
UK172_2026-04-19_022041,UK172,3,10,2,2026-04-19 02:20:41.703,2026-04-19 05:21:41.703,181.0,False,False,False
SJ139_2026-04-19_022041,SJ139,1,7,2,2026-04-19 02:20:41.702,2026-04-19 06:02:41.702,222.0,False,False,False
UK085_2026-04-19_021541,UK085,3,11,2,2026-04-19 02:15:41.702,2026-04-19 03:17:41.702,62.0,False,False,False
6F079_2026-04-19_021441,6F079,4,19,2,2026-04-19 02:14:41.702,2026-04-19 06:18:41.702,244.0,False,False,False
SJ032_2026-04-19_021141,SJ032,1,3,2,2026-04-19 02:11:41.701,2026-04-19 04:33:41.701,142.0,False,False,False
6F182_2026-04-19_021041,6F182,4,2,2,2026-04-19 02:10:41.703,2026-04-19 04:18:41.703,128.0,False,False,False
AI106_2026-04-19_020741,AI106,2,24,2,2026-04-19 02:07:41.702,2026-04-19 03:20:41.702,73.0,False,False,False
AI200_2026-04-19_020541,AI200,2,14,2,2026-04-19 02:05:41.703,2026-04-19 05:29:41.703,204.0,False,False,False
6F142_2026-04-19_020541,6F142,4,1,2,2026-04-19 02:05:41.702,2026-04-19 06:04:41.702,239.0,False,False,False
SJ079_2026-04-19_015841,SJ079,1,13,2,2026-04-19 01:58:41.702,2026-04-19 05:02:41.702,184.0,False,False,False
SJ082_2026-04-19_015441,SJ082,1,8,2,2026-04-19 01:54:41.702,2026-04-19 02:33:41.702,39.0,False,False,False
SJ110_2026-04-19_014741,SJ110,1,12,2,2026-04-19 01:47:41.702,2026-04-19 02:20:41.702,33.0,False,False,False
6F262_2026-04-19_014441,6F262,5,11,2,2026-04-19 01:44:41.702,2026-04-19 02:47:41.702,63.0,False,False,True
UK143_2026-04-19_013441,UK143,3,6,2,2026-04-19 01:34:41.703,2026-04-19 02:48:41.703,74.0,False,False,False
6F269_2026-04-19_013041,6F269,5,14,2,2026-04-19 01:30:41.702,2026-04-19 02:52:41.702,82.0,False,False,True
6F214_2026-04-19_012141,6F214,4,2,2,2026-04-19 01:21:41.703,2026-04-19 05:20:41.703,239.0,False,False,False
SJ213_2026-04-19_011941,SJ213,1,2,2,2026-04-19 01:19:41.703,2026-04-19 04:48:41.703,209.0,False,False,False
SJ072_2026-04-19_011841,SJ072,1,4,2,2026-04-19 01:18:41.701,2026-04-19 04:08:41.701,170.0,False,False,False
6F059_2026-04-19_011241,6F059,4,8,2,2026-04-19 01:12:41.701,2026-04-19 06:02:41.701,290.0,False,False,False
UK202_2026-04-19_011141,UK202,3,4,2,2026-04-19 01:11:41.703,2026-04-19 05:37:41.703,266.0,False,False,False
UK037_2026-04-19_011041,UK037,3,6,2,2026-04-19 01:10:41.701,2026-04-19 05:12:41.701,242.0,False,False,False
UK069_2026-04-19_011041,UK069,3,12,2,2026-04-19 01:10:41.701,2026-04-19 03:23:41.701,133.0,False,False,False
SJ118_2026-04-19_010841,SJ118,1,10,2,2026-04-19 01:08:41.702,2026-04-19 02:33:41.702,85.0,False,False,False
6F145_2026-04-19_010241,6F145,4,12,2,2026-04-19 01:02:41.703,2026-04-19 02:18:41.703,76.0,False,False,False
UK097_2026-04-19_004941,UK097,3,17,2,2026-04-19 00:49:41.702,2026-04-19 05:00:41.702,251.0,False,False,False
6F117_2026-04-19_004641,6F117,4,12,2,2026-04-19 00:46:41.702,2026-04-19 01:51:41.702,65.0,False,False,False
6F226_2026-04-19_003841,6F226,4,10,2,2026-04-19 00:38:41.704,2026-04-19 02:55:41.704,137.0,False,False,False
6F050_2026-04-19_003541,6F050,4,10,2,2026-04-19 00:35:41.701,2026-04-19 04:32:41.701,237.0,False,False,False
UK196_2026-04-19_003241,UK196,3,5,2,2026-04-19 00:32:41.703,2026-04-19 04:49:41.703,257.0,False,False,False
SJ086_2026-04-19_003241,SJ086,1,12,2,2026-04-19 00:32:41.702,2026-04-19 04:17:41.702,225.0,False,False,False
AI134_2026-04-19_002841,AI134,2,17,2,2026-04-19 00:28:41.702,2026-04-19 04:23:41.702,235.0,False,False,False
AI043_2026-04-19_002841,AI043,2,12,2,2026-04-19 00:28:41.701,2026-04-19 04:37:41.701,249.0,False,False,False
UK119_2026-04-19_002141,UK119,3,2,2,2026-04-19 00:21:41.702,2026-04-19 04:38:41.702,257.0,False,False,False
SJ181_2026-04-19_002041,SJ181,1,26,2,2026-04-19 00:20:41.703,2026-04-19 01:49:41.703,89.0,False,False,False
AI070_2026-04-19_000541,AI070,2,12,2,2026-04-19 00:05:41.702,2026-04-19 01:44:41.702,99.0,False,False,False
6F233_2026-04-18_235641,6F233,4,6,3,2026-04-18 23:56:41.704,2026-04-19 03:53:41.704,237.0,True,False,False
UK013_2026-04-18_235241,UK013,3,16,3,2026-04-18 23:52:41.701,2026-04-19 02:52:41.701,180.0,True,False,False
6F015_2026-04-18_233941,6F015,4,2,3,2026-04-18 23:39:41.701,2026-04-19 02:27:41.701,168.0,True,False,False
SJ247_2026-04-18_233841,SJ247,1,10,3,2026-04-18 23:38:41.704,2026-04-19 03:43:41.704,245.0,True,False,False
AI067_2026-04-18_233641,AI067,2,13,3,2026-04-18 23:36:41.701,2026-04-19 03:09:41.701,213.0,True,False,False
AI211_2026-04-18_233441,AI211,2,18,3,2026-04-18 23:34:41.703,2026-04-19 01:21:41.703,107.0,True,False,False
UK029_2026-04-18_232641,UK029,3,10,3,2026-04-18 23:26:41.701,2026-04-19 02:15:41.701,169.0,True,False,False
SJ200_2026-04-18_232441,SJ200,1,8,3,2026-04-18 23:24:41.703,2026-04-19 02:11:41.703,167.0,True,False,False
6F087_2026-04-18_232441,6F087,4,4,3,2026-04-18 23:24:41.702,2026-04-19 03:10:41.702,226.0,True,False,False
SJ210_2026-04-18_232141,SJ210,1,15,3,2026-04-18 23:21:41.703,2026-04-19 02:54:41.703,213.0,True,False,False
AI101_2026-04-18_232041,AI101,2,7,3,2026-04-18 23:20:41.702,2026-04-19 02:23:41.702,183.0,True,False,False
UK075_2026-04-18_231541,UK075,3,21,3,2026-04-18 23:15:41.702,2026-04-19 03:54:41.702,279.0,True,False,False
SJ091_2026-04-18_231041,SJ091,1,25,3,2026-04-18 23:10:41.702,2026-04-19 00:47:41.702,97.0,True,False,False
AI251_2026-04-18_224041,AI251,2,11,3,2026-04-18 22:40:41.704,2026-04-18 23:24:41.704,44.0,False,False,False
SJ042_2026-04-18_223841,SJ042,1,15,3,2026-04-18 22:38:41.701,2026-04-19 02:20:41.701,222.0,True,False,False
UK126_2026-04-18_223741,UK126,3,12,3,2026-04-18 22:37:41.702,2026-04-19 00:03:41.702,86.0,True,False,False
6F042_2026-04-18_223541,6F042,4,13,3,2026-04-18 22:35:41.701,2026-04-19 02:41:41.701,246.0,True,False,False
AI116_2026-04-18_223041,AI116,2,28,3,2026-04-18 22:30:41.702,2026-04-19 01:57:41.702,207.0,True,False,False
SJ209_2026-04-18_222241,SJ209,1,6,3,2026-04-18 22:22:41.703,2026-04-19 02:03:41.703,221.0,True,False,False
AI123_2026-04-18_221941,AI123,2,3,3,2026-04-18 22:19:41.702,2026-04-19 00:45:41.702,146.0,True,False,False
6F016_2026-04-18_221841,6F016,4,17,3,2026-04-18 22:18:41.701,2026-04-18 22:54:41.701,36.0,False,False,False
UK012_2026-04-18_221641,UK012,3,3,3,2026-04-18 22:16:41.701,2026-04-19 00:25:41.701,129.0,True,False,False
SJ188_2026-04-18_221541,SJ188,1,6,3,2026-04-18 22:15:41.703,2026-04-18 22:55:41.703,40.0,False,False,False
UK096_2026-04-18_221141,UK096,3,29,3,2026-04-18 22:11:41.702,2026-04-19 00:06:41.702,115.0,True,False,False
SJ046_2026-04-18_220141,SJ046,1,16,3,2026-04-18 22:01:41.701,2026-04-19 01:25:41.701,204.0,True,False,False
UK081_2026-04-18_220041,UK081,5,30,3,2026-04-18 22:00:41.702,2026-04-18 23:00:41.702,60.0,False,False,True
UK191_2026-04-18_215141,UK191,3,23,3,2026-04-18 21:51:41.703,2026-04-18 22:57:41.703,66.0,False,False,False
6F064_2026-04-18_214541,6F064,4,12,3,2026-04-18 21:45:41.701,2026-04-18 22:50:41.701,65.0,False,False,False
AI005_2026-04-18_212441,AI005,2,18,3,2026-04-18 21:24:41.701,2026-04-18 22:11:41.701,47.0,False,False,False
6F021_2026-04-18_212341,6F021,4,27,3,2026-04-18 21:23:41.701,2026-04-19 01:25:41.701,242.0,True,False,False
AI169_2026-04-18_212141,AI169,2,12,3,2026-04-18 21:21:41.703,2026-04-19 01:34:41.703,253.0,True,False,False
UK035_2026-04-18_210841,UK035,3,17,3,2026-04-18 21:08:41.701,2026-04-18 22:24:41.701,76.0,False,False,False
AI040_2026-04-18_210141,AI040,2,24,3,2026-04-18 21:01:41.701,2026-04-18 22:42:41.701,101.0,False,False,False
UK042_2026-04-18_205941,UK042,3,3,3,2026-04-18 20:59:41.701,2026-04-19 01:38:41.701,279.0,True,False,False
SJ171_2026-04-18_205241,SJ171,1,4,3,2026-04-18 20:52:41.703,2026-04-18 23:52:41.703,180.0,False,False,False
AI250_2026-04-18_204841,AI250,5,2,3,2026-04-18 20:48:41.704,2026-04-19 00:12:41.704,204.0,True,False,True
SJ195_2026-04-18_204141,SJ195,1,2,3,2026-04-18 20:41:41.703,2026-04-18 23:54:41.703,193.0,False,False,False
UK211_2026-04-18_203941,UK211,3,21,3,2026-04-18 20:39:41.704,2026-04-18 22:02:41.704,83.0,False,False,False
UK122_2026-04-18_202942,UK122,3,15,3,2026-04-18 20:29:42.000,2026-04-18 23:29:42.000,180.0,False,False,False
AI136_2026-04-18_202941,AI136,2,30,3,2026-04-18 20:29:41.702,2026-04-18 23:48:41.702,199.0,False,False,False
6F141_2026-04-18_202641,6F141,4,2,3,2026-04-18 20:26:41.702,2026-04-18 22:28:41.702,122.0,False,False,False
6F053_2026-04-18_202641,6F053,4,4,3,2026-04-18 20:26:41.701,2026-04-19 00:39:41.701,253.0,True,False,False
6F136_2026-04-18_202441,6F136,4,12,3,2026-04-18 20:24:41.702,2026-04-18 21:01:41.702,37.0,False,False,False
6F009_2026-04-18_202141,6F009,4,25,3,2026-04-18 20:21:41.701,2026-04-18 23:36:41.701,195.0,False,False,False
6F023_2026-04-18_201841,6F023,4,23,3,2026-04-18 20:18:41.701,2026-04-19 00:14:41.701,236.0,True,False,False
UK006_2026-04-18_201641,UK006,3,21,3,2026-04-18 20:16:41.701,2026-04-18 21:55:41.701,99.0,False,False,False
SJ165_2026-04-18_200841,SJ165,1,28,3,2026-04-18 20:08:41.703,2026-04-18 23:18:41.703,190.0,False,False,False
6F189_2026-04-18_200841,6F189,4,23,3,2026-04-18 20:08:41.703,2026-04-18 21:51:41.703,103.0,False,False,False
AI131_2026-04-18_195541,AI131,2,3,3,2026-04-18 19:55:41.702,2026-04-18 22:35:41.702,160.0,False,False,False
6F004_2026-04-18_195341,6F004,4,2,3,2026-04-18 19:53:41.701,2026-04-18 23:33:41.701,220.0,False,False,False
AI027_2026-04-18_194141,AI027,2,16,3,2026-04-18 19:41:41.701,2026-04-18 23:23:41.701,222.0,False,False,False
AI238_2026-04-18_192541,AI238,2,1,3,2026-04-18 19:25:41.704,2026-04-19 00:07:41.704,282.0,True,False,False
SJ105_2026-04-18_192241,SJ105,1,5,3,2026-04-18 19:22:41.702,2026-04-18 22:48:41.702,206.0,False,False,False
UK088_2026-04-18_191641,UK088,5,23,3,2026-04-18 19:16:41.702,2026-04-18 23:36:41.702,260.0,False,False,True
6F035_2026-04-18_191641,6F035,4,20,3,2026-04-18 19:16:41.701,2026-04-18 23:40:41.701,264.0,False,False,False
AI133_2026-04-18_191241,AI133,2,18,3,2026-04-18 19:12:41.702,2026-04-18 21:32:41.702,140.0,False,False,False
AI001_2026-04-18_190041,AI001,2,4,3,2026-04-18 19:00:41.700,2026-04-18 22:03:41.700,183.0,False,False,False
SJ133_2026-04-18_185041,SJ133,1,2,3,2026-04-18 18:50:41.702,2026-04-18 21:29:41.702,159.0,False,False,False
SJ216_2026-04-18_183541,SJ216,1,2,3,2026-04-18 18:35:41.703,2026-04-18 21:31:41.703,176.0,False,False,False
SJ225_2026-04-18_181641,SJ225,5,4,3,2026-04-18 18:16:41.704,2026-04-18 20:53:41.704,157.0,False,False,True
AI147_2026-04-18_181441,AI147,2,15,3,2026-04-18 18:14:41.703,2026-04-18 20:10:41.703,116.0,False,False,False
SJ054_2026-04-18_181341,SJ054,1,23,3,2026-04-18 18:13:41.701,2026-04-18 22:46:41.701,273.0,False,False,False
6F197_2026-04-18_175941,6F197,4,26,3,2026-04-18 17:59:41.703,2026-04-18 22:44:41.703,285.0,False,False,False
SJ066_2026-04-18_174741,SJ066,1,15,3,2026-04-18 17:47:41.701,2026-04-18 19:03:41.701,76.0,False,False,False
SJ183_2026-04-18_174441,SJ183,1,12,3,2026-04-18 17:44:41.703,2026-04-18 19:40:41.703,116.0,False,False,False
SJ151_2026-04-18_174441,SJ151,1,2,3,2026-04-18 17:44:41.702,2026-04-18 19:16:41.702,92.0,False,False,False
SJ071_2026-04-18_174341,SJ071,1,1,3,2026-04-18 17:43:41.701,2026-04-18 19:32:41.701,109.0,False,False,False
SJ102_2026-04-18_172641,SJ102,1,21,3,2026-04-18 17:26:41.702,2026-04-18 18:58:41.702,92.0,False,False,False
AI209_2026-04-18_172541,AI209,2,25,3,2026-04-18 17:25:41.703,2026-04-18 18:37:41.703,72.0,False,False,False
6F111_2026-04-18_170941,6F111,4,13,3,2026-04-18 17:09:41.702,2026-04-18 20:02:41.702,173.0,False,False,False
AI050_2026-04-18_170741,AI050,2,6,3,2026-04-18 17:07:41.701,2026-04-18 19:42:41.701,155.0,False,False,False
SJ189_2026-04-18_170541,SJ189,1,24,3,2026-04-18 17:05:41.703,2026-04-18 22:01:41.703,296.0,False,False,False
UK112_2026-04-18_170541,UK112,5,12,3,2026-04-18 17:05:41.702,2026-04-18 19:47:41.702,162.0,False,False,True
6F171_2026-04-18_170341,6F171,4,7,3,2026-04-18 17:03:41.703,2026-04-18 18:12:41.703,69.0,False,False,False
AI011_2026-04-18_165841,AI011,2,28,3,2026-04-18 16:58:41.701,2026-04-18 21:01:41.701,243.0,False,False,False
6F027_2026-04-18_165241,6F027,4,30,3,2026-04-18 16:52:41.701,2026-04-18 18:21:41.701,89.0,False,False,False
UK082_2026-04-18_165041,UK082,3,10,3,2026-04-18 16:50:41.702,2026-04-18 21:21:41.702,271.0,False,False,False
UK138_2026-04-18_164741,UK138,3,7,3,2026-04-18 16:47:41.703,2026-04-18 19:36:41.703,169.0,False,False,False
UK198_2026-04-18_164341,UK198,3,7,3,2026-04-18 16:43:41.703,2026-04-18 18:18:41.703,95.0,False,False,False
6F039_2026-04-18_164341,6F039,4,21,3,2026-04-18 16:43:41.701,2026-04-18 21:01:41.701,258.0,False,False,False
6F157_2026-04-18_163741,6F157,4,21,3,2026-04-18 16:37:41.703,2026-04-18 18:04:41.703,87.0,False,False,False
SJ024_2026-04-18_162941,SJ024,1,9,3,2026-04-18 16:29:41.701,2026-04-18 20:21:41.701,232.0,False,False,False
6F167_2026-04-18_162641,6F167,4,6,3,2026-04-18 16:26:41.703,2026-04-18 17:50:41.703,84.0,False,False,False
AI197_2026-04-18_162541,AI197,2,2,3,2026-04-18 16:25:41.703,2026-04-18 20:00:41.703,215.0,False,False,False
SJ211_2026-04-18_162241,SJ211,1,3,3,2026-04-18 16:22:41.703,2026-04-18 18:34:41.703,132.0,False,False,False
6F055_2026-04-18_162141,6F055,4,18,3,2026-04-18 16:21:41.701,2026-04-18 18:49:41.701,148.0,False,False,False
AI253_2026-04-18_161341,AI253,2,6,3,2026-04-18 16:13:41.704,2026-04-18 19:51:41.704,218.0,False,False,False
UK060_2026-04-18_160941,UK060,3,25,3,2026-04-18 16:09:41.701,2026-04-18 19:42:41.701,213.0,False,False,False
6F257_2026-04-18_160441,6F257,5,21,3,2026-04-18 16:04:41.704,2026-04-18 19:55:41.704,231.0,False,False,True
SJ135_2026-04-18_160341,SJ135,1,21,3,2026-04-18 16:03:41.702,2026-04-18 19:48:41.702,225.0,False,False,False
AI247_2026-04-18_155841,AI247,2,2,3,2026-04-18 15:58:41.704,2026-04-18 19:02:41.704,184.0,False,False,False
UK127_2026-04-18_155641,UK127,3,5,3,2026-04-18 15:56:41.702,2026-04-18 20:00:41.702,244.0,False,False,False
AI109_2026-04-18_155341,AI109,2,6,3,2026-04-18 15:53:41.702,2026-04-18 20:14:41.702,261.0,False,False,False
AI057_2026-04-18_155341,AI057,2,2,3,2026-04-18 15:53:41.701,2026-04-18 19:22:41.701,209.0,False,False,False
6F103_2026-04-18_153741,6F103,4,1,3,2026-04-18 15:37:41.702,2026-04-18 18:32:41.702,175.0,False,False,False
SJ144_2026-04-18_153541,SJ144,1,6,3,2026-04-18 15:35:41.702,2026-04-18 19:12:41.702,217.0,False,False,False
6F076_2026-04-18_153541,6F076,4,20,3,2026-04-18 15:35:41.702,2026-04-18 16:20:41.702,45.0,False,False,False
6F240_2026-04-18_153141,6F240,4,4,3,2026-04-18 15:31:41.704,2026-04-18 19:56:41.704,265.0,False,False,False
UK057_2026-04-18_152541,UK057,3,12,3,2026-04-18 15:25:41.701,2026-04-18 20:04:41.701,279.0,False,False,False
AI201_2026-04-18_151941,AI201,2,25,3,2026-04-18 15:19:41.703,2026-04-18 16:40:41.703,81.0,False,False,False
SJ242_2026-04-18_145541,SJ242,1,29,3,2026-04-18 14:55:41.704,2026-04-18 17:42:41.704,167.0,False,False,False
6F037_2026-04-18_145141,6F037,4,16,3,2026-04-18 14:51:41.701,2026-04-18 17:23:41.701,152.0,False,False,False
SJ132_2026-04-18_144441,SJ132,1,11,3,2026-04-18 14:44:41.702,2026-04-18 15:36:41.702,52.0,False,False,False
AI055_2026-04-18_143941,AI055,2,28,3,2026-04-18 14:39:41.701,2026-04-18 16:18:41.701,99.0,False,False,False
6F252_2026-04-18_142541,6F252,5,23,3,2026-04-18 14:25:41.701,2026-04-18 18:52:41.701,267.0,False,False,True
AI183_2026-04-18_142441,AI183,2,18,3,2026-04-18 14:24:41.703,2026-04-18 16:06:41.703,102.0,False,False,False
SJ125_2026-04-18_142141,SJ125,1,7,3,2026-04-18 14:21:41.702,2026-04-18 16:55:41.702,154.0,False,False,False
SJ087_2026-04-18_142041,SJ087,1,8,3,2026-04-18 14:20:41.702,2026-04-18 19:09:41.702,289.0,False,False,False
UK182_2026-04-18_141941,UK182,3,15,3,2026-04-18 14:19:41.703,2026-04-18 18:25:41.703,246.0,False,False,False
AI016_2026-04-18_141541,AI016,2,2,3,2026-04-18 14:15:41.701,2026-04-18 18:38:41.701,263.0,False,False,False
6F107_2026-04-18_141441,6F107,4,22,3,2026-04-18 14:14:41.702,2026-04-18 17:14:42.000,180.0049666666667,False,False,False
AI026_2026-04-18_141441,AI026,2,10,3,2026-04-18 14:14:41.701,2026-04-18 15:13:41.701,59.0,False,False,False
AI177_2026-04-18_141141,AI177,2,20,3,2026-04-18 14:11:41.703,2026-04-18 16:26:41.703,135.0,False,False,False
AI041_2026-04-18_140841,AI041,2,26,3,2026-04-18 14:08:41.701,2026-04-18 15:59:41.701,111.0,False,False,False
6F264_2026-04-18_140341,6F264,5,4,3,2026-04-18 14:03:41.701,2026-04-18 18:23:41.701,260.0,False,False,True
6F222_2026-04-18_140141,6F222,4,14,3,2026-04-18 14:01:41.704,2026-04-18 16:11:41.704,130.0,False,False,False
AI004_2026-04-18_135841,AI004,2,14,3,2026-04-18 13:58:41.701,2026-04-18 18:12:41.701,254.0,False,False,False
SJ126_2026-04-18_134741,SJ126,1,7,3,2026-04-18 13:47:41.702,2026-04-18 16:31:41.702,164.0,False,False,False
SJ220_2026-04-18_134541,SJ220,1,2,3,2026-04-18 13:45:41.703,2026-04-18 15:21:41.703,96.0,False,False,False
AI204_2026-04-18_134041,AI204,2,1,3,2026-04-18 13:40:41.703,2026-04-18 18:38:41.703,298.0,False,False,False
UK098_2026-04-18_133841,UK098,3,12,3,2026-04-18 13:38:41.702,2026-04-18 17:54:41.702,256.0,False,False,False
AI090_2026-04-18_133741,AI090,2,21,3,2026-04-18 13:37:41.702,2026-04-18 16:11:41.702,154.0,False,False,False
AI092_2026-04-18_133641,AI092,2,28,3,2026-04-18 13:36:41.702,2026-04-18 16:20:41.702,164.0,False,False,False
AI049_2026-04-18_133541,AI049,2,1,3,2026-04-18 13:35:41.701,2026-04-18 15:48:41.701,133.0,False,False,False
UK117_2026-04-18_131741,UK117,3,6,3,2026-04-18 13:17:41.702,2026-04-18 16:54:41.702,217.0,False,False,False
6F227_2026-04-18_131641,6F227,4,3,3,2026-04-18 13:16:41.704,2026-04-18 17:41:41.704,265.0,False,False,False
AI228_2026-04-18_131641,AI228,2,6,3,2026-04-18 13:16:41.703,2026-04-18 17:44:41.703,268.0,False,False,False
SJ164_2026-04-18_131441,SJ164,1,1,3,2026-04-18 13:14:41.703,2026-04-18 15:14:42.000,120.00495,False,False,False
AI018_2026-04-18_131241,AI018,2,2,3,2026-04-18 13:12:41.701,2026-04-18 18:04:41.701,292.0,False,False,False
UK192_2026-04-18_125441,UK192,3,13,3,2026-04-18 12:54:41.703,2026-04-18 13:54:42.000,60.00495,False,False,False
SJ224_2026-04-18_124141,SJ224,1,9,3,2026-04-18 12:41:41.703,2026-04-18 15:33:41.703,172.0,False,False,False
UK050_2026-04-18_123941,UK050,3,8,3,2026-04-18 12:39:41.701,2026-04-18 13:18:41.701,39.0,False,False,False
SJ159_2026-04-18_122241,SJ159,1,12,3,2026-04-18 12:22:41.703,2026-04-18 14:05:41.703,103.0,False,False,False
UK038_2026-04-18_122241,UK038,3,21,3,2026-04-18 12:22:41.701,2026-04-18 15:31:41.701,189.0,False,False,False
6F192_2026-04-18_122041,6F192,4,22,3,2026-04-18 12:20:41.703,2026-04-18 16:45:41.703,265.0,False,False,False
6F173_2026-04-18_121941,6F173,4,2,3,2026-04-18 12:19:41.703,2026-04-18 13:08:41.703,49.0,False,False,False
AI185_2026-04-18_121641,AI185,2,28,3,2026-04-18 12:16:41.703,2026-04-18 16:18:41.703,242.0,False,False,False
SJ152_2026-04-18_120941,SJ152,1,8,3,2026-04-18 12:09:41.702,2026-04-18 13:50:41.702,101.0,False,False,False
AI215_2026-04-18_120741,AI215,2,30,3,2026-04-18 12:07:41.703,2026-04-18 13:43:41.703,96.0,False,False,False
AI074_2026-04-18_120341,AI074,2,28,3,2026-04-18 12:03:41.702,2026-04-18 12:50:41.702,47.0,False,False,False
6F109_2026-04-18_120041,6F109,4,6,3,2026-04-18 12:00:41.702,2026-04-18 12:51:41.702,51.0,False,False,False
6F144_2026-04-18_115641,6F144,4,17,3,2026-04-18 11:56:41.702,2026-04-18 15:11:41.702,195.0,False,False,False
6F210_2026-04-18_115141,6F210,4,13,3,2026-04-18 11:51:41.703,2026-04-18 15:58:41.703,247.0,False,False,False
SJ111_2026-04-18_114741,SJ111,1,9,3,2026-04-18 11:47:41.702,2026-04-18 12:59:41.702,72.0,False,False,False
UK092_2026-04-18_114241,UK092,3,23,3,2026-04-18 11:42:41.702,2026-04-18 13:17:41.702,95.0,False,False,False
UK009_2026-04-18_113441,UK009,3,8,3,2026-04-18 11:34:41.701,2026-04-18 13:41:41.701,127.0,False,False,False
AI170_2026-04-18_112741,AI170,2,13,3,2026-04-18 11:27:41.703,2026-04-18 15:50:41.703,263.0,False,False,False
6F154_2026-04-18_112641,6F154,4,12,3,2026-04-18 11:26:41.703,2026-04-18 12:23:41.703,57.0,False,False,False
6F161_2026-04-18_112441,6F161,4,11,3,2026-04-18 11:24:41.703,2026-04-18 12:21:41.703,57.0,False,False,False
UK128_2026-04-18_112241,UK128,3,2,3,2026-04-18 11:22:41.702,2026-04-18 14:11:41.702,169.0,False,False,False
AI186_2026-04-18_111141,AI186,2,10,3,2026-04-18 11:11:41.703,2026-04-18 13:05:41.703,114.0,False,False,False
AI099_2026-04-18_110741,AI099,2,6,3,2026-04-18 11:07:41.702,2026-04-18 13:29:41.702,142.0,False,False,False
6F203_2026-04-18_110541,6F203,4,29,3,2026-04-18 11:05:41.703,2026-04-18 12:56:41.703,111.0,False,False,False
UK139_2026-04-18_105441,UK139,5,27,3,2026-04-18 10:54:41.703,2026-04-18 14:31:41.703,217.0,False,False,True
SJ008_2026-04-18_105341,SJ008,1,24,3,2026-04-18 10:53:41.701,2026-04-18 15:48:41.701,295.0,False,False,False
AI171_2026-04-18_105141,AI171,2,23,3,2026-04-18 10:51:41.703,2026-04-18 13:34:41.703,163.0,False,False,False
6F124_2026-04-18_104741,6F124,4,6,3,2026-04-18 10:47:41.702,2026-04-18 15:21:41.702,274.0,False,False,False
6F137_2026-04-18_104541,6F137,4,12,3,2026-04-18 10:45:41.702,2026-04-18 15:01:41.702,256.0,False,False,False
AI008_2026-04-18_104341,AI008,2,2,3,2026-04-18 10:43:41.701,2026-04-18 12:43:42.000,120.00498333333333,False,False,False
SJ140_2026-04-18_104241,SJ140,5,13,3,2026-04-18 10:42:41.702,2026-04-18 14:30:41.702,228.0,False,False,True
UK016_2026-04-18_104241,UK016,3,18,3,2026-04-18 10:42:41.701,2026-04-18 11:22:41.701,40.0,False,False,False
AI127_2026-04-18_103741,AI127,2,4,3,2026-04-18 10:37:41.702,2026-04-18 13:45:41.702,188.0,False,False,False
SJ096_2026-04-18_102941,SJ096,5,4,3,2026-04-18 10:29:41.702,2026-04-18 13:45:41.702,196.0,False,False,True
6F048_2026-04-18_102741,6F048,4,13,3,2026-04-18 10:27:41.701,2026-04-18 11:18:41.701,51.0,False,False,False
SJ090_2026-04-18_102441,SJ090,1,14,3,2026-04-18 10:24:41.702,2026-04-18 13:11:41.702,167.0,False,False,False
AI014_2026-04-18_102441,AI014,2,14,3,2026-04-18 10:24:41.701,2026-04-18 13:51:41.701,207.0,False,False,False
6F131_2026-04-18_102241,6F131,4,29,3,2026-04-18 10:22:41.702,2026-04-18 14:20:41.702,238.0,False,False,False
AI130_2026-04-18_101841,AI130,2,26,3,2026-04-18 10:18:41.702,2026-04-18 12:59:41.702,161.0,False,False,False
UK151_2026-04-18_101141,UK151,5,2,3,2026-04-18 10:11:41.703,2026-04-18 13:30:41.703,199.0,False,False,True
6F165_2026-04-18_101141,6F165,4,6,3,2026-04-18 10:11:41.703,2026-04-18 11:09:41.703,58.0,False,False,False
UK161_2026-04-18_100541,UK161,3,6,3,2026-04-18 10:05:41.703,2026-04-18 12:48:41.703,163.0,False,False,False
AI107_2026-04-18_100341,AI107,2,15,3,2026-04-18 10:03:41.702,2026-04-18 10:49:41.702,46.0,False,False,False
SJ104_2026-04-18_100041,SJ104,1,13,3,2026-04-18 10:00:41.702,2026-04-18 11:00:42.000,60.00496666666666,False,False,False
AI042_2026-04-18_095341,AI042,2,12,3,2026-04-18 09:53:41.701,2026-04-18 10:57:41.701,64.0,False,False,False
6F266_2026-04-18_094941,6F266,5,1,3,2026-04-18 09:49:41.703,2026-04-18 11:17:41.703,88.0,False,False,True
6F138_2026-04-18_094941,6F138,4,24,3,2026-04-18 09:49:41.702,2026-04-18 12:53:41.702,184.0,False,False,False
SJ219_2026-04-18_093241,SJ219,1,8,3,2026-04-18 09:32:41.703,2026-04-18 14:09:41.703,277.0,False,False,False
UK197_2026-04-18_092241,UK197,3,29,3,2026-04-18 09:22:41.703,2026-04-18 10:54:41.703,92.0,False,False,False
6F119_2026-04-18_091941,6F119,4,10,3,2026-04-18 09:19:41.702,2026-04-18 11:33:41.702,134.0,False,False,False
SJ058_2026-04-18_085841,SJ058,1,4,3,2026-04-18 08:58:41.701,2026-04-18 13:14:41.701,256.0,False,False,False
AI218_2026-04-18_085541,AI218,2,2,3,2026-04-18 08:55:41.703,2026-04-18 11:55:41.703,180.0,False,False,False
SJ060_2026-04-18_085141,SJ060,1,15,3,2026-04-18 08:51:41.701,2026-04-18 13:46:41.701,295.0,False,False,False
UK121_2026-04-18_083641,UK121,3,6,3,2026-04-18 08:36:41.702,2026-04-18 12:36:41.702,240.0,False,False,False
6F208_2026-04-18_082741,6F208,4,28,3,2026-04-18 08:27:41.703,2026-04-18 11:34:41.703,187.0,False,False,False
6F153_2026-04-18_082341,6F153,4,22,3,2026-04-18 08:23:41.703,2026-04-18 12:20:41.703,237.0,False,False,False
AI117_2026-04-18_081841,AI117,2,24,3,2026-04-18 08:18:41.702,2026-04-18 10:09:41.702,111.0,False,False,False
SJ113_2026-04-18_081041,SJ113,1,6,3,2026-04-18 08:10:41.702,2026-04-18 10:10:42.000,120.00496666666666,False,False,False
AI191_2026-04-18_075741,AI191,2,27,3,2026-04-18 07:57:41.703,2026-04-18 11:58:41.703,241.0,False,False,False
6F267_2026-04-18_075641,6F267,5,9,3,2026-04-18 07:56:41.703,2026-04-18 11:49:41.703,233.0,False,False,True
6F185_2026-04-18_074941,6F185,4,12,3,2026-04-18 07:49:41.703,2026-04-18 10:08:41.703,139.0,False,False,False
AI114_2026-04-18_074841,AI114,2,12,3,2026-04-18 07:48:41.702,2026-04-18 09:03:41.702,75.0,False,False,False
6F155_2026-04-18_074741,6F155,4,7,3,2026-04-18 07:47:41.703,2026-04-18 08:20:41.703,33.0,False,False,False
UK045_2026-04-18_074341,UK045,3,19,3,2026-04-18 07:43:41.701,2026-04-18 09:28:41.701,105.0,False,False,False
AI111_2026-04-18_074041,AI111,2,21,3,2026-04-18 07:40:41.702,2026-04-18 10:39:41.702,179.0,False,False,False
AI156_2026-04-18_073941,AI156,2,28,3,2026-04-18 07:39:41.703,2026-04-18 09:22:41.703,103.0,False,False,False
SJ128_2026-04-18_073941,SJ128,1,22,3,2026-04-18 07:39:41.702,2026-04-18 10:42:41.702,183.0,False,False,False
AI104_2026-04-18_073541,AI104,2,19,3,2026-04-18 07:35:41.702,2026-04-18 09:20:41.702,105.0,False,False,False
6F225_2026-04-18_073341,6F225,4,15,3,2026-04-18 07:33:41.704,2026-04-18 12:12:41.704,279.0,False,False,False
6F033_2026-04-18_070841,6F033,4,4,3,2026-04-18 07:08:41.701,2026-04-18 09:08:41.701,120.0,False,False,False
6F244_2026-04-18_070741,6F244,4,21,3,2026-04-18 07:07:41.704,2026-04-18 08:31:41.704,84.0,False,False,False
UK137_2026-04-18_070441,UK137,3,16,3,2026-04-18 07:04:41.703,2026-04-18 09:14:41.703,130.0,False,False,False
AI063_2026-04-18_070341,AI063,2,24,3,2026-04-18 07:03:41.701,2026-04-18 11:26:41.701,263.0,False,False,False
SJ156_2026-04-18_065941,SJ156,1,8,3,2026-04-18 06:59:41.703,2026-04-18 07:34:41.703,35.0,False,False,False
UK125_2026-04-18_065841,UK125,3,17,3,2026-04-18 06:58:41.702,2026-04-18 11:44:41.702,286.0,False,False,False
AI232_2026-04-18_064341,AI232,2,7,3,2026-04-18 06:43:41.704,2026-04-18 10:13:41.704,210.0,False,False,False
AI167_2026-04-18_064341,AI167,2,30,3,2026-04-18 06:43:41.703,2026-04-18 11:10:41.703,267.0,False,False,False
UK160_2026-04-18_064241,UK160,3,6,3,2026-04-18 06:42:41.703,2026-04-18 10:58:41.703,256.0,False,False,False
UK129_2026-04-18_062941,UK129,3,14,3,2026-04-18 06:29:41.702,2026-04-18 07:29:42.000,60.00496666666666,False,False,False
SJ230_2026-04-18_062241,SJ230,1,2,3,2026-04-18 06:22:41.704,2026-04-18 10:57:41.704,275.0,False,False,False
SJ056_2026-04-18_061141,SJ056,1,13,3,2026-04-18 06:11:41.701,2026-04-18 07:10:41.701,59.0,False,False,False
SJ137_2026-04-18_060841,SJ137,1,12,3,2026-04-18 06:08:41.702,2026-04-18 10:14:41.702,246.0,False,False,False
6F081_2026-04-18_060441,6F081,4,23,3,2026-04-18 06:04:41.702,2026-04-18 07:43:41.702,99.0,False,False,False
6F088_2026-04-18_055141,6F088,4,22,3,2026-04-18 05:51:41.702,2026-04-18 08:22:41.702,151.0,False,False,False
6F121_2026-04-18_054441,6F121,4,14,3,2026-04-18 05:44:41.702,2026-04-18 10:42:41.702,298.0,False,False,False
UK214_2026-04-18_053041,UK214,3,13,3,2026-04-18 05:30:41.704,2026-04-18 09:10:41.704,220.0,False,False,False
6F060_2026-04-18_052941,6F060,4,7,3,2026-04-18 05:29:41.701,2026-04-18 07:29:42.000,120.00498333333333,False,False,False
SJ101_2026-04-18_051741,SJ101,1,12,3,2026-04-18 05:17:41.702,2026-04-18 06:57:41.702,100.0,False,False,False
AI017_2026-04-18_051541,AI017,2,28,3,2026-04-18 05:15:41.701,2026-04-18 08:48:41.701,213.0,False,False,False
6F120_2026-04-18_051441,6F120,4,6,3,2026-04-18 05:14:41.702,2026-04-18 06:14:41.702,60.0,False,False,False
6F217_2026-04-18_051341,6F217,4,6,3,2026-04-18 05:13:41.704,2026-04-18 08:01:41.704,168.0,False,False,False
AI194_2026-04-18_050941,AI194,2,23,3,2026-04-18 05:09:41.703,2026-04-18 09:38:41.703,269.0,False,False,False
AI095_2026-04-18_050041,AI095,2,9,3,2026-04-18 05:00:41.702,2026-04-18 08:18:41.702,198.0,False,False,False
SJ190_2026-04-18_045741,SJ190,1,2,3,2026-04-18 04:57:41.703,2026-04-18 09:25:41.703,268.0,False,False,False
6F139_2026-04-18_045541,6F139,4,14,3,2026-04-18 04:55:41.702,2026-04-18 08:17:41.702,202.0,False,False,False
6F062_2026-04-18_045541,6F062,4,12,3,2026-04-18 04:55:41.701,2026-04-18 06:22:41.701,87.0,False,False,False
UK011_2026-04-18_044141,UK011,3,12,3,2026-04-18 04:41:41.701,2026-04-18 06:25:41.701,104.0,False,False,False
6F100_2026-04-18_044041,6F100,4,26,3,2026-04-18 04:40:41.702,2026-04-18 07:49:41.702,189.0,False,False,False
6F228_2026-04-18_043641,6F228,4,14,3,2026-04-18 04:36:41.704,2026-04-18 09:27:41.704,291.0,False,False,False
UK033_2026-04-18_043441,UK033,3,13,3,2026-04-18 04:34:41.701,2026-04-18 09:18:41.701,284.0,False,False,False
SJ231_2026-04-18_042341,SJ231,1,7,3,2026-04-18 04:23:41.704,2026-04-18 05:48:41.704,85.0,False,False,False
AI166_2026-04-18_042041,AI166,2,2,3,2026-04-18 04:20:41.703,2026-04-18 07:23:41.703,183.0,False,False,False
SJ176_2026-04-18_041541,SJ176,1,10,3,2026-04-18 04:15:41.703,2026-04-18 06:17:41.703,122.0,False,False,False
SJ065_2026-04-18_041041,SJ065,1,23,3,2026-04-18 04:10:41.701,2026-04-18 06:54:41.701,164.0,False,False,False
6F160_2026-04-18_040941,6F160,4,23,3,2026-04-18 04:09:41.703,2026-04-18 08:26:41.703,257.0,False,False,False
AI089_2026-04-18_040541,AI089,2,28,3,2026-04-18 04:05:41.702,2026-04-18 04:47:41.702,42.0,False,False,False
UK226_2026-04-18_035841,UK226,3,19,3,2026-04-18 03:58:41.704,2026-04-18 05:01:41.704,63.0,False,False,False
SJ123_2026-04-18_035741,SJ123,1,2,3,2026-04-18 03:57:41.702,2026-04-18 05:25:41.702,88.0,False,False,False
AI054_2026-04-18_034441,AI054,2,15,3,2026-04-18 03:44:41.701,2026-04-18 08:10:41.701,266.0,False,False,False
UK019_2026-04-18_034141,UK019,3,5,3,2026-04-18 03:41:41.701,2026-04-18 04:35:41.701,54.0,False,False,False
UK032_2026-04-18_033141,UK032,3,6,3,2026-04-18 03:31:41.701,2026-04-18 07:28:41.701,237.0,False,False,False
SJ100_2026-04-18_032841,SJ100,1,23,3,2026-04-18 03:28:41.702,2026-04-18 06:50:41.702,202.0,False,False,False
SJ094_2026-04-18_032341,SJ094,1,19,3,2026-04-18 03:23:41.702,2026-04-18 08:07:41.702,284.0,False,False,False
6F101_2026-04-18_031841,6F101,4,16,3,2026-04-18 03:18:41.702,2026-04-18 08:15:41.702,297.0,False,False,False
6F006_2026-04-18_030641,6F006,4,26,3,2026-04-18 03:06:41.701,2026-04-18 05:06:42.000,120.00498333333333,False,False,False
AI006_2026-04-18_030441,AI006,2,26,3,2026-04-18 03:04:41.701,2026-04-18 05:54:41.701,170.0,False,False,False
AI195_2026-04-18_025841,AI195,2,1,3,2026-04-18 02:58:41.703,2026-04-18 04:57:41.703,119.0,False,False,False
UK072_2026-04-18_025541,UK072,3,26,3,2026-04-18 02:55:41.702,2026-04-18 05:55:42.000,180.0049666666667,False,False,False
AI244_2026-04-18_025041,AI244,2,6,3,2026-04-18 02:50:41.704,2026-04-18 03:25:41.704,35.0,False,False,False
SJ059_2026-04-18_025041,SJ059,1,12,3,2026-04-18 02:50:41.701,2026-04-18 04:06:41.701,76.0,False,False,False
SJ009_2026-04-18_024841,SJ009,1,22,3,2026-04-18 02:48:41.701,2026-04-18 04:23:41.701,95.0,False,False,False
AI121_2026-04-18_024241,AI121,2,14,3,2026-04-18 02:42:41.702,2026-04-18 06:11:41.702,209.0,False,False,False
6F265_2026-04-18_022741,6F265,5,4,3,2026-04-18 02:27:41.703,2026-04-18 03:24:41.703,57.0,False,False,True
6F110_2026-04-18_022741,6F110,4,13,3,2026-04-18 02:27:41.702,2026-04-18 05:48:41.702,201.0,False,False,False
UK018_2026-04-18_021541,UK018,3,2,3,2026-04-18 02:15:41.701,2026-04-18 04:08:41.701,113.0,False,False,False
6F072_2026-04-18_021441,6F072,4,25,3,2026-04-18 02:14:41.702,2026-04-18 03:11:41.702,57.0,False,False,False
6F159_2026-04-18_020841,6F159,4,28,3,2026-04-18 02:08:41.703,2026-04-18 02:43:41.703,35.0,False,False,False
6F095_2026-04-18_015341,6F095,4,27,3,2026-04-18 01:53:41.702,2026-04-18 05:34:41.702,221.0,False,False,False
SJ129_2026-04-18_014841,SJ129,1,28,3,2026-04-18 01:48:41.702,2026-04-18 05:48:41.702,240.0,False,False,False
UK039_2026-04-18_014041,UK039,3,17,3,2026-04-18 01:40:41.701,2026-04-18 02:53:41.701,73.0,False,False,False
6F130_2026-04-18_012741,6F130,4,4,3,2026-04-18 01:27:41.702,2026-04-18 02:45:41.702,78.0,False,False,False
6F247_2026-04-18_012741,6F247,4,4,3,2026-04-18 01:27:41.702,2026-04-18 02:45:41.702,78.0,False,False,False
SJ233_2026-04-18_011841,SJ233,1,4,3,2026-04-18 01:18:41.704,2026-04-18 02:56:41.704,98.0,False,False,False
6F231_2026-04-18_011641,6F231,4,14,3,2026-04-18 01:16:41.704,2026-04-18 05:43:41.704,267.0,False,False,False
AI125_2026-04-18_011241,AI125,5,12,3,2026-04-18 01:12:41.702,2026-04-18 04:51:41.702,219.0,False,False,True
6F102_2026-04-18_011041,6F102,4,14,3,2026-04-18 01:10:41.702,2026-04-18 02:24:41.702,74.0,False,False,False
UK078_2026-04-18_010341,UK078,3,5,3,2026-04-18 01:03:41.702,2026-04-18 04:32:41.702,209.0,False,False,False
UK043_2026-04-18_004841,UK043,5,4,3,2026-04-18 00:48:41.701,2026-04-18 04:52:41.701,244.0,False,False,True
AI144_2026-04-18_004341,AI144,2,3,3,2026-04-18 00:43:41.702,2026-04-18 03:36:41.702,173.0,False,False,False
UK054_2026-04-18_003741,UK054,3,6,3,2026-04-18 00:37:41.701,2026-04-18 05:30:41.701,293.0,False,False,False
UK108_2026-04-18_002841,UK108,3,7,3,2026-04-18 00:28:41.702,2026-04-18 03:46:41.702,198.0,False,False,False
6F008_2026-04-18_001441,6F008,4,10,3,2026-04-18 00:14:41.701,2026-04-18 04:59:41.701,285.0,False,False,False
6F106_2026-04-18_001041,6F106,4,2,3,2026-04-18 00:10:41.702,2026-04-18 01:52:41.702,102.0,False,False,False
AI203_2026-04-18_000941,AI203,2,2,3,2026-04-18 00:09:41.703,2026-04-18 02:56:41.703,167.0,False,False,False
AI065_2026-04-18_000941,AI065,5,23,3,2026-04-18 00:09:41.701,2026-04-18 05:00:41.701,291.0,False,False,True
UK053_2026-04-17_235641,UK053,3,6,4,2026-04-17 23:56:41.701,2026-04-18 02:46:41.701,170.0,True,False,False
UK086_2026-04-17_235541,UK086,3,22,4,2026-04-17 23:55:41.702,2026-04-18 02:27:41.702,152.0,True,False,False
SJ223_2026-04-17_235441,SJ223,1,14,4,2026-04-17 23:54:41.703,2026-04-18 01:08:41.703,74.0,True,False,False
6F069_2026-04-17_234441,6F069,4,23,4,2026-04-17 23:44:41.701,2026-04-18 03:17:41.701,213.0,True,False,False
6F032_2026-04-17_234341,6F032,4,10,4,2026-04-17 23:43:41.701,2026-04-18 02:22:41.701,159.0,True,False,False
UK178_2026-04-17_234141,UK178,3,7,4,2026-04-17 23:41:41.703,2026-04-18 04:09:41.703,268.0,True,False,False
6F108_2026-04-17_234141,6F108,4,4,4,2026-04-17 23:41:41.702,2026-04-18 03:23:41.702,222.0,True,False,False
UK147_2026-04-17_233541,UK147,3,12,4,2026-04-17 23:35:41.703,2026-04-18 02:55:41.703,200.0,True,False,False
AI187_2026-04-17_233241,AI187,2,29,4,2026-04-17 23:32:41.703,2026-04-18 01:16:41.703,104.0,True,False,False
UK213_2026-04-17_232141,UK213,3,2,4,2026-04-17 23:21:41.704,2026-04-18 01:01:41.704,100.0,True,False,False
AI035_2026-04-17_231741,AI035,2,9,4,2026-04-17 23:17:41.701,2026-04-18 00:48:41.701,91.0,True,False,False
UK186_2026-04-17_230541,UK186,3,26,4,2026-04-17 23:05:41.703,2026-04-18 02:22:41.703,197.0,True,False,False
6F045_2026-04-17_230441,6F045,4,5,4,2026-04-17 23:04:41.701,2026-04-18 03:38:41.701,274.0,True,False,False
UK025_2026-04-17_225541,UK025,3,10,4,2026-04-17 22:55:41.701,2026-04-18 02:47:41.701,232.0,True,False,False
UK162_2026-04-17_224741,UK162,3,2,4,2026-04-17 22:47:41.703,2026-04-18 00:21:41.703,94.0,True,False,False
AI157_2026-04-17_224541,AI157,2,25,4,2026-04-17 22:45:41.703,2026-04-18 01:33:41.703,168.0,True,False,False
6F096_2026-04-17_224541,6F096,4,23,4,2026-04-17 22:45:41.702,2026-04-18 02:58:41.702,253.0,True,False,False
SJ229_2026-04-17_222541,SJ229,1,12,4,2026-04-17 22:25:41.704,2026-04-18 00:27:41.704,122.0,True,False,False
AI214_2026-04-17_222341,AI214,2,12,4,2026-04-17 22:23:41.703,2026-04-18 02:49:41.703,266.0,True,False,False
6F205_2026-04-17_221641,6F205,4,17,4,2026-04-17 22:16:41.703,2026-04-18 00:02:41.703,106.0,True,False,False
SJ157_2026-04-17_221141,SJ157,1,4,4,2026-04-17 22:11:41.703,2026-04-18 01:05:41.703,174.0,True,False,False
UK114_2026-04-17_221041,UK114,3,15,4,2026-04-17 22:10:41.702,2026-04-17 23:58:41.702,108.0,False,False,False
6F054_2026-04-17_220041,6F054,4,24,4,2026-04-17 22:00:41.701,2026-04-18 01:25:41.701,205.0,True,False,False
6F216_2026-04-17_215841,6F216,4,30,4,2026-04-17 21:58:41.704,2026-04-18 02:51:41.704,293.0,True,False,False
AI231_2026-04-17_215241,AI231,2,4,4,2026-04-17 21:52:41.704,2026-04-17 23:51:41.704,119.0,False,False,False
UK103_2026-04-17_215241,UK103,3,11,4,2026-04-17 21:52:41.702,2026-04-18 01:06:41.702,194.0,True,False,False
AI066_2026-04-17_215141,AI066,2,14,4,2026-04-17 21:51:41.701,2026-04-18 00:11:41.701,140.0,True,False,False
6F186_2026-04-17_214841,6F186,4,17,4,2026-04-17 21:48:41.703,2026-04-18 02:02:41.703,254.0,True,False,False
AI021_2026-04-17_213941,AI021,2,4,4,2026-04-17 21:39:41.701,2026-04-18 01:38:41.701,239.0,True,False,False
AI113_2026-04-17_212141,AI113,2,20,4,2026-04-17 21:21:41.702,2026-04-17 23:51:41.702,150.0,False,False,False
SJ031_2026-04-17_212041,SJ031,1,10,4,2026-04-17 21:20:41.701,2026-04-17 22:29:41.701,69.0,False,False,False
UK217_2026-04-17_211941,UK217,3,21,4,2026-04-17 21:19:41.704,2026-04-17 22:14:41.704,55.0,False,False,False
SJ120_2026-04-17_211941,SJ120,1,23,4,2026-04-17 21:19:41.702,2026-04-18 00:56:41.702,217.0,True,False,False
UK180_2026-04-17_211841,UK180,3,1,4,2026-04-17 21:18:41.703,2026-04-17 23:29:41.703,131.0,False,False,False
6F242_2026-04-17_211041,6F242,4,27,4,2026-04-17 21:10:41.704,2026-04-18 01:04:41.704,234.0,True,False,False
UK080_2026-04-17_210941,UK080,3,27,4,2026-04-17 21:09:41.702,2026-04-17 22:29:41.702,80.0,False,False,False
SJ124_2026-04-17_210541,SJ124,1,13,4,2026-04-17 21:05:41.702,2026-04-18 01:12:41.702,247.0,True,False,False
SJ115_2026-04-17_210541,SJ115,1,5,4,2026-04-17 21:05:41.702,2026-04-17 23:10:41.702,125.0,False,False,False
AI081_2026-04-17_210341,AI081,2,28,4,2026-04-17 21:03:41.702,2026-04-17 22:51:41.702,108.0,False,False,False
AI142_2026-04-17_204941,AI142,2,8,4,2026-04-17 20:49:41.702,2026-04-17 23:03:41.702,134.0,False,False,False
UK052_2026-04-17_204841,UK052,3,25,4,2026-04-17 20:48:41.701,2026-04-17 21:40:41.701,52.0,False,False,False
UK014_2026-04-17_204141,UK014,3,14,4,2026-04-17 20:41:41.701,2026-04-17 22:06:41.701,85.0,False,False,False
AI230_2026-04-17_203741,AI230,5,22,4,2026-04-17 20:37:41.704,2026-04-18 00:22:41.704,225.0,True,False,True
6F268_2026-04-17_202941,6F268,5,9,4,2026-04-17 20:29:41.701,2026-04-17 21:58:41.701,89.0,False,False,True
AI124_2026-04-17_202841,AI124,2,20,4,2026-04-17 20:28:41.702,2026-04-18 00:00:41.702,212.0,True,False,False
6F082_2026-04-17_202641,6F082,4,26,4,2026-04-17 20:26:41.702,2026-04-17 22:26:41.702,120.0,False,False,False
SJ035_2026-04-17_201541,SJ035,1,12,4,2026-04-17 20:15:41.701,2026-04-17 21:15:42.000,60.004983333333335,False,False,False
SJ095_2026-04-17_200941,SJ095,1,9,4,2026-04-17 20:09:41.702,2026-04-17 23:13:41.702,184.0,False,False,False
UK230_2026-04-17_200241,UK230,3,6,4,2026-04-17 20:02:41.704,2026-04-17 21:35:41.704,93.0,False,False,False
UK171_2026-04-17_195941,UK171,3,15,4,2026-04-17 19:59:41.703,2026-04-17 22:53:41.703,174.0,False,False,False
6F147_2026-04-17_195741,6F147,4,14,4,2026-04-17 19:57:41.703,2026-04-18 00:31:41.703,274.0,True,False,False
SJ212_2026-04-17_194941,SJ212,5,23,4,2026-04-17 19:49:41.703,2026-04-17 21:44:41.703,115.0,False,False,True
6F080_2026-04-17_194741,6F080,4,14,4,2026-04-17 19:47:41.702,2026-04-17 23:13:41.702,206.0,False,False,False
UK049_2026-04-17_194741,UK049,3,17,4,2026-04-17 19:47:41.701,2026-04-17 20:32:41.701,45.0,False,False,False
AI152_2026-04-17_192141,AI152,2,25,4,2026-04-17 19:21:41.703,2026-04-17 20:26:41.703,65.0,False,False,False
AI162_2026-04-17_192041,AI162,2,11,4,2026-04-17 19:20:41.703,2026-04-17 22:40:41.703,200.0,False,False,False
SJ037_2026-04-17_191441,SJ037,1,6,4,2026-04-17 19:14:41.701,2026-04-17 22:31:41.701,197.0,False,False,False
AI172_2026-04-17_190841,AI172,2,2,4,2026-04-17 19:08:41.703,2026-04-17 19:53:41.703,45.0,False,False,False
UK205_2026-04-17_185741,UK205,3,14,4,2026-04-17 18:57:41.703,2026-04-17 21:46:41.703,169.0,False,False,False
AI199_2026-04-17_184741,AI199,2,13,4,2026-04-17 18:47:41.703,2026-04-17 22:26:41.703,219.0,False,False,False
6F241_2026-04-17_182741,6F241,4,4,4,2026-04-17 18:27:41.704,2026-04-17 19:02:41.704,35.0,False,False,False
SJ041_2026-04-17_182441,SJ041,1,20,4,2026-04-17 18:24:41.701,2026-04-17 22:59:41.701,275.0,False,False,False
AI064_2026-04-17_182441,AI064,2,27,4,2026-04-17 18:24:41.701,2026-04-17 20:07:41.701,103.0,False,False,False
UK169_2026-04-17_181241,UK169,3,13,4,2026-04-17 18:12:41.703,2026-04-17 23:01:41.703,289.0,False,False,False
UK144_2026-04-17_180741,UK144,3,2,4,2026-04-17 18:07:41.703,2026-04-17 20:59:41.703,172.0,False,False,False
AI118_2026-04-17_175041,AI118,2,14,4,2026-04-17 17:50:41.702,2026-04-17 19:59:41.702,129.0,False,False,False
SJ145_2026-04-17_174141,SJ145,1,29,4,2026-04-17 17:41:41.702,2026-04-17 20:38:41.702,177.0,False,False,False
SJ077_2026-04-17_173241,SJ077,1,27,4,2026-04-17 17:32:41.701,2026-04-17 19:40:41.701,128.0,False,False,False
AI126_2026-04-17_172641,AI126,2,19,4,2026-04-17 17:26:41.702,2026-04-17 20:48:41.702,202.0,False,False,False
SJ033_2026-04-17_172641,SJ033,1,13,4,2026-04-17 17:26:41.701,2026-04-17 18:51:41.701,85.0,False,False,False
SJ180_2026-04-17_171241,SJ180,1,15,4,2026-04-17 17:12:41.703,2026-04-17 22:00:41.703,288.0,False,False,False
6F183_2026-04-17_170841,6F183,4,19,4,2026-04-17 17:08:41.703,2026-04-17 19:52:41.703,164.0,False,False,False
AI145_2026-04-17_170641,AI145,5,10,4,2026-04-17 17:06:41.702,2026-04-17 21:31:41.702,265.0,False,False,True
6F089_2026-04-17_170641,6F089,4,4,4,2026-04-17 17:06:41.702,2026-04-17 19:10:41.702,124.0,False,False,False
6F207_2026-04-17_165941,6F207,4,5,4,2026-04-17 16:59:41.703,2026-04-17 21:00:41.703,241.0,False,False,False
AI229_2026-04-17_164841,AI229,2,14,4,2026-04-17 16:48:41.703,2026-04-17 18:40:41.703,112.0,False,False,False
6F223_2026-04-17_164741,6F223,4,23,4,2026-04-17 16:47:41.704,2026-04-17 17:21:41.704,34.0,False,False,False
6F116_2026-04-17_164341,6F116,4,21,4,2026-04-17 16:43:41.702,2026-04-17 19:02:41.702,139.0,False,False,False
SJ240_2026-04-17_164241,SJ240,1,5,4,2026-04-17 16:42:41.704,2026-04-17 20:21:41.704,219.0,False,False,False
SJ184_2026-04-17_163241,SJ184,1,12,4,2026-04-17 16:32:41.703,2026-04-17 21:00:41.703,268.0,False,False,False
AI087_2026-04-17_163241,AI087,2,11,4,2026-04-17 16:32:41.702,2026-04-17 20:30:41.702,238.0,False,False,False
UK148_2026-04-17_163141,UK148,3,17,4,2026-04-17 16:31:41.703,2026-04-17 18:43:41.703,132.0,False,False,False
AI210_2026-04-17_161341,AI210,2,6,4,2026-04-17 16:13:41.703,2026-04-17 18:50:41.703,157.0,False,False,False
6F093_2026-04-17_160941,6F093,4,12,4,2026-04-17 16:09:41.702,2026-04-17 20:00:41.702,231.0,False,False,False
SJ080_2026-04-17_160441,SJ080,1,1,4,2026-04-17 16:04:41.702,2026-04-17 17:59:41.702,115.0,False,False,False
SJ005_2026-04-17_160341,SJ005,1,9,4,2026-04-17 16:03:41.701,2026-04-17 17:24:41.701,81.0,False,False,False
6F040_2026-04-17_155241,6F040,4,15,4,2026-04-17 15:52:41.701,2026-04-17 20:33:41.701,281.0,False,False,False
AI212_2026-04-17_153141,AI212,2,18,4,2026-04-17 15:31:41.703,2026-04-17 20:13:41.703,282.0,False,False,False
AI154_2026-04-17_152541,AI154,2,14,4,2026-04-17 15:25:41.703,2026-04-17 19:16:41.703,231.0,False,False,False
6F239_2026-04-17_152441,6F239,4,28,4,2026-04-17 15:24:41.704,2026-04-17 17:37:41.704,133.0,False,False,False
UK199_2026-04-17_152441,UK199,3,2,4,2026-04-17 15:24:41.703,2026-04-17 18:55:41.703,211.0,False,False,False
6F218_2026-04-17_151641,6F218,4,6,4,2026-04-17 15:16:41.704,2026-04-17 19:03:41.704,227.0,False,False,False
6F011_2026-04-17_151641,6F011,4,23,4,2026-04-17 15:16:41.701,2026-04-17 17:16:42.000,120.00498333333333,False,False,False
UK106_2026-04-17_151241,UK106,3,2,4,2026-04-17 15:12:41.702,2026-04-17 17:23:41.702,131.0,False,False,False
UK030_2026-04-17_151141,UK030,3,12,4,2026-04-17 15:11:41.701,2026-04-17 19:38:41.701,267.0,False,False,False
6F090_2026-04-17_151041,6F090,4,24,4,2026-04-17 15:10:41.702,2026-04-17 19:22:41.702,252.0,False,False,False
AI184_2026-04-17_150341,AI184,2,2,4,2026-04-17 15:03:41.703,2026-04-17 17:03:42.000,120.00495,False,False,False
SJ232_2026-04-17_150241,SJ232,1,23,4,2026-04-17 15:02:41.704,2026-04-17 19:22:41.704,260.0,False,False,False
AI153_2026-04-17_150241,AI153,2,2,4,2026-04-17 15:02:41.703,2026-04-17 16:30:41.703,88.0,False,False,False
UK101_2026-04-17_150041,UK101,3,4,4,2026-04-17 15:00:41.702,2026-04-17 17:43:41.702,163.0,False,False,False
6F200_2026-04-17_145441,6F200,4,13,4,2026-04-17 14:54:41.703,2026-04-17 19:41:41.703,287.0,False,False,False
6F162_2026-04-17_145041,6F162,4,28,4,2026-04-17 14:50:41.703,2026-04-17 17:44:41.703,174.0,False,False,False
SJ197_2026-04-17_144941,SJ197,1,24,4,2026-04-17 14:49:41.703,2026-04-17 17:33:41.703,164.0,False,False,False
AI174_2026-04-17_144541,AI174,2,18,4,2026-04-17 14:45:41.703,2026-04-17 17:01:41.703,136.0,False,False,False
UK090_2026-04-17_144441,UK090,3,14,4,2026-04-17 14:44:41.702,2026-04-17 17:24:41.702,160.0,False,False,False
UK124_2026-04-17_143541,UK124,3,23,4,2026-04-17 14:35:41.702,2026-04-17 17:09:41.702,154.0,False,False,False
AI239_2026-04-17_143341,AI239,2,5,4,2026-04-17 14:33:41.704,2026-04-17 17:47:41.704,194.0,False,False,False
UK002_2026-04-17_142841,UK002,3,1,4,2026-04-17 14:28:41.700,2026-04-17 19:20:41.700,292.0,False,False,False
SJ055_2026-04-17_141741,SJ055,1,14,4,2026-04-17 14:17:41.701,2026-04-17 17:56:41.701,219.0,False,False,False
UK132_2026-04-17_141241,UK132,3,8,4,2026-04-17 14:12:41.702,2026-04-17 16:19:41.702,127.0,False,False,False
6F002_2026-04-17_141141,6F002,4,27,4,2026-04-17 14:11:41.700,2026-04-17 17:34:41.700,203.0,False,False,False
UK005_2026-04-17_140241,UK005,3,16,4,2026-04-17 14:02:41.701,2026-04-17 18:14:41.701,252.0,False,False,False
6F258_2026-04-17_135441,6F258,5,8,4,2026-04-17 13:54:41.703,2026-04-17 16:49:41.703,175.0,False,False,True
SJ244_2026-04-17_135141,SJ244,1,30,4,2026-04-17 13:51:41.704,2026-04-17 15:39:41.704,108.0,False,False,False
AI075_2026-04-17_135141,AI075,2,12,4,2026-04-17 13:51:41.702,2026-04-17 16:49:41.702,178.0,False,False,False
AI160_2026-04-17_134141,AI160,2,11,4,2026-04-17 13:41:41.703,2026-04-17 17:01:41.703,200.0,False,False,False
UK091_2026-04-17_133741,UK091,3,28,4,2026-04-17 13:37:41.702,2026-04-17 17:31:41.702,234.0,False,False,False
UK195_2026-04-17_133541,UK195,3,17,4,2026-04-17 13:35:41.703,2026-04-17 16:35:41.703,180.0,False,False,False
6F044_2026-04-17_132541,6F044,4,4,4,2026-04-17 13:25:41.701,2026-04-17 17:36:41.701,251.0,False,False,False
6F248_2026-04-17_132541,6F248,4,4,4,2026-04-17 13:25:41.701,2026-04-17 17:36:41.701,251.0,False,False,False
6F204_2026-04-17_132341,6F204,4,18,4,2026-04-17 13:23:41.703,2026-04-17 16:04:41.703,161.0,False,False,False
SJ092_2026-04-17_131941,SJ092,1,27,4,2026-04-17 13:19:41.702,2026-04-17 17:56:41.702,277.0,False,False,False
AI119_2026-04-17_131541,AI119,2,23,4,2026-04-17 13:15:41.702,2026-04-17 15:57:41.702,162.0,False,False,False
AI151_2026-04-17_131441,AI151,2,19,4,2026-04-17 13:14:41.703,2026-04-17 14:10:41.703,56.0,False,False,False
UK107_2026-04-17_130941,UK107,3,17,4,2026-04-17 13:09:41.702,2026-04-17 14:25:41.702,76.0,False,False,False
SJ019_2026-04-17_130741,SJ019,1,30,4,2026-04-17 13:07:41.701,2026-04-17 15:56:41.701,169.0,False,False,False
AI052_2026-04-17_130641,AI052,2,1,4,2026-04-17 13:06:41.701,2026-04-17 15:42:41.701,156.0,False,False,False
SJ177_2026-04-17_130441,SJ177,1,2,4,2026-04-17 13:04:41.703,2026-04-17 17:37:41.703,273.0,False,False,False
6F215_2026-04-17_130041,6F215,4,7,4,2026-04-17 13:00:41.703,2026-04-17 17:30:41.703,270.0,False,False,False
AI223_2026-04-17_125341,AI223,2,2,4,2026-04-17 12:53:41.703,2026-04-17 14:42:41.703,109.0,False,False,False
SJ069_2026-04-17_125341,SJ069,1,24,4,2026-04-17 12:53:41.701,2026-04-17 14:17:41.701,84.0,False,False,False
6F198_2026-04-17_124041,6F198,4,24,4,2026-04-17 12:40:41.703,2026-04-17 17:39:41.703,299.0,False,False,False
AI093_2026-04-17_123541,AI093,2,26,4,2026-04-17 12:35:41.702,2026-04-17 17:28:41.702,293.0,False,False,False
UK062_2026-04-17_123341,UK062,3,13,4,2026-04-17 12:33:41.701,2026-04-17 15:35:41.701,182.0,False,False,False
6F057_2026-04-17_123241,6F057,4,11,4,2026-04-17 12:32:41.701,2026-04-17 15:50:41.701,198.0,False,False,False
UK064_2026-04-17_122541,UK064,3,8,4,2026-04-17 12:25:41.701,2026-04-17 14:55:41.701,150.0,False,False,False
